Workbook

Sheet January
A1: Name Surname | C1: Target Time: | F1: 0.32083333
A2: Email | C2: Working hours billed: | F2: 0 | K2: =25/12 -> 2.0833333 | N2: 0.83333333
A3: Role | C3: Outstanding Holidays 2024
A4: Vienna | E4: Monthly Result | H4: =IF(I4>0,"+","-") -> - | I4: =BW44 -> 0
D5: overtime of the current month | H5: + | I5: =I4-N2 -> -0.83333333
A6: Status | D6: overtime of the previous month | H6: +
A7: sick = s | D7: comp time or accounting | H7: - | I7: 0
A8: comp time = c | D8: overtime overall result | H8: + | I8: =I5+I6-I7 -> -0.83333333
A9: holiday = h | D9: outstanding holidays | H9: =IF(I9>0,"+","-") -> + | I9: =F3+K2-I10 -> 2.0833333 | K9: =I9+((0+(0/60))/8) -> 2.0833333 | O9: Please fill in the Project Name and the Project Number for each Project you are working for
A10: no work day = n | D10: spent holidays | I10: 0 | M10: insert shortcut | N10: General Activity | O10: Project Name 1 | R10: Project Name 2 | U10: Project Name 3 | X10: Project Name 4 | AA10: Project Name 5 | AD10: Project Name 6 | AG10: Project Name 7 | AJ10: Project Name 8 | AM10: Project Name 9 | AP10: Project Name 10 | AS10: Project Name 11 | AV10: Project Name 12 | AY10: Project Name 13 | BB10: Project Name 14 | BE10: Project Name 15 | BH10: Project Name 16 | BK10: Project Name 17 | BN10: Project Name 18 | BQ10: Project Name 19 | BT10: Project Name 20
A11: Business Trip = b | M11: Status | N11: =N10&" "&A1 -> General Activity Name Surname | O11: Project Number 1 | P11: Interviews | Q11: Database | R11: Project Number 2 | S11: Interviews | T11: Database | U11: Project Number 3 | V11: Interviews | W11: Database | X11: Project Number 4 | Y11: Interviews | Z11: Database | AA11: Project Number 5 | AB11: Interviews | AC11: Database | AD11: Project Number 6 | AE11: Interviews | AF11: Database | AG11: Project Number 7 | AH11: Interviews | AI11: Database | AJ11: Project Number 8 | AK11: Interviews | AL11: Database | AM11: Project Number 9 | AN11: Interviews | AO11: Database | AP11: Project Number 10 | AQ11: Interviews | AR11: Database | AS11: Project Number 11 | AT11: Interviews | AU11: Database | AV11: Project Number 12 | AW11: Interviews | AX11: Database | AY11: Project Number 13 | AZ11: Interviews | BA11: Database | BB11: Project Number 14 | BC11: Interviews | BD11: Database | BE11: Project Number 15 | BF11: Interviews | BG11: Database | BH11: Project Number 16 | BI11: Interviews | BJ11: Database | BK11: Project Number 17 | BL11: Interviews | BM11: Database | BN11: Project Number 18 | BO11: Interviews | BP11: Database | BQ11: Project Number 19 | BR11: Interviews | BS11: Database | BT11: Project Number 20 | BU11: Interviews | BV11: Database
A12: Date | B12: Start | C12: End | D12: Time | E12: Target | F12: Breaks | I12: +/- | J12: Accounting | K12: Control | M12: c/s/h/n/b | N12: Hours | O12: Project Total Hours | P12: Number | Q12: Hours | R12: Project Total Hours | S12: Number | T12: Hours | U12: Project Total Hours | V12: Number | W12: Hours | X12: Project Total Hours | Y12: Number | Z12: Hours | AA12: Project Total Hours | AB12: Number | AC12: Hours | AD12: Project Total Hours | AE12: Number | AF12: Hours | AG12: Project Total Hours | AH12: Number | AI12: Hours | AJ12: Project Total Hours | AK12: Number | AL12: Hours | AM12: Project Total Hours | AN12: Number | AO12: Hours | AP12: Project Total Hours | AQ12: Number | AR12: Hours | AS12: Project Total Hours | AT12: Number | AU12: Hours | AV12: Project Total Hours | AW12: Number | AX12: Hours | AY12: Project Total Hours | AZ12: Number | BA12: Hours | BB12: Project Total Hours | BC12: Number | BD12: Hours | BE12: Project Total Hours | BF12: Number | BG12: Hours | BH12: Project Total Hours | BI12: Number | BJ12: Hours | BK12: Project Total Hours | BL12: Number | BM12: Hours | BN12: Project Total Hours | BO12: Number | BP12: Hours | BQ12: Project Total Hours | BR12: Number | BS12: Hours | BT12: Project Total Hours | BU12: Number | BV12: Hours
A13: 45658 | B13: 0 | C13: 0 | D13: =C13-B13-G13-F13 -> 0 | E13: =IF(C13>0,$F$1,0) -> 0 | F13: 0 | H13: =IF(E13>D13,"-","+") -> + | I13: =IF(D13>E13,D13-E13,(IF(D13=E13,0,E13-D13))) -> 0 | J13: =N13+O13+R13+U13+X13+AA13+AD13+AG13+AJ13+AM13+AP13+AS13+AV13+AY13+BB13+BE13+BH13+BK13+BN13+BQ13+BT13 -> 0 | K13: =IF(D13=J13,"ok","check") -> ok | N13: =D13-(O13+R13+U13+X13+AA13+AD13+AG13+AJ13+AM13+AP13+AS13+AV13+AY13+BB13+BE13+BH13+BK13+BN13+BQ13+BT13) -> 0 | BW13: =D13-E13 -> 0
A14: 45659 | B14: 0 | C14: 0 | D14: =C14-B14-G14-F14 -> 0 | E14: =IF(C14>0,$F$1,0) -> 0 | F14: 0 | H14: =IF(E14>D14,"-","+") -> + | I14: =IF(D14>E14,D14-E14,(IF(D14=E14,0,E14-D14))) -> 0 | J14: =N14+O14+R14+U14+X14+AA14+AD14+AG14+AJ14+AM14+AP14+AS14+AV14+AY14+BB14+BE14+BH14+BK14+BN14+BQ14+BT14 -> 0 | K14: =IF(D14=J14,"ok","check") -> ok | N14: =D14-(O14+R14+U14+X14+AA14+AD14+AG14+AJ14+AM14+AP14+AS14+AV14+AY14+BB14+BE14+BH14+BK14+BN14+BQ14+BT14) -> 0 | BW14: =D14-E14 -> 0
A15: 45660 | B15: 0 | C15: 0 | D15: =C15-B15-G15-F15 -> 0 | E15: =IF(C15>0,$F$1,0) -> 0 | F15: 0 | H15: =IF(E15>D15,"-","+") -> + | I15: =IF(D15>E15,D15-E15,(IF(D15=E15,0,E15-D15))) -> 0 | J15: =N15+O15+R15+U15+X15+AA15+AD15+AG15+AJ15+AM15+AP15+AS15+AV15+AY15+BB15+BE15+BH15+BK15+BN15+BQ15+BT15 -> 0 | K15: =IF(D15=J15,"ok","check") -> ok | N15: =D15-(O15+R15+U15+X15+AA15+AD15+AG15+AJ15+AM15+AP15+AS15+AV15+AY15+BB15+BE15+BH15+BK15+BN15+BQ15+BT15) -> 0 | BW15: =D15-E15 -> 0
A16: 45661 | B16: 0 | C16: 0 | D16: =C16-B16-G16-F16 -> 0 | E16: =IF(C16>0,$F$1,0) -> 0 | F16: 0 | H16: =IF(E16>D16,"-","+") -> + | I16: =IF(D16>E16,D16-E16,(IF(D16=E16,0,E16-D16))) -> 0 | J16: =N16+O16+R16+U16+X16+AA16+AD16+AG16+AJ16+AM16+AP16+AS16+AV16+AY16+BB16+BE16+BH16+BK16+BN16+BQ16+BT16 -> 0 | K16: =IF(D16=J16,"ok","check") -> ok | N16: =D16-(O16+R16+U16+X16+AA16+AD16+AG16+AJ16+AM16+AP16+AS16+AV16+AY16+BB16+BE16+BH16+BK16+BN16+BQ16+BT16) -> 0 | BW16: =D16-E16 -> 0
A17: 45662 | B17: 0 | C17: 0 | D17: =C17-B17-G17-F17 -> 0 | E17: =IF(C17>0,$F$1,0) -> 0 | F17: 0 | H17: =IF(E17>D17,"-","+") -> + | I17: =IF(D17>E17,D17-E17,(IF(D17=E17,0,E17-D17))) -> 0 | J17: =N17+O17+R17+U17+X17+AA17+AD17+AG17+AJ17+AM17+AP17+AS17+AV17+AY17+BB17+BE17+BH17+BK17+BN17+BQ17+BT17 -> 0 | K17: =IF(D17=J17,"ok","check") -> ok | N17: =D17-(O17+R17+U17+X17+AA17+AD17+AG17+AJ17+AM17+AP17+AS17+AV17+AY17+BB17+BE17+BH17+BK17+BN17+BQ17+BT17) -> 0 | BW17: =D17-E17 -> 0
A18: 45663 | B18: 0 | C18: 0 | D18: =C18-B18-G18-F18 -> 0 | E18: =IF(C18>0,$F$1,0) -> 0 | F18: 0 | H18: =IF(E18>D18,"-","+") -> + | I18: =IF(D18>E18,D18-E18,(IF(D18=E18,0,E18-D18))) -> 0 | J18: =N18+O18+R18+U18+X18+AA18+AD18+AG18+AJ18+AM18+AP18+AS18+AV18+AY18+BB18+BE18+BH18+BK18+BN18+BQ18+BT18 -> 0 | K18: =IF(D18=J18,"ok","check") -> ok | N18: =D18-(O18+R18+U18+X18+AA18+AD18+AG18+AJ18+AM18+AP18+AS18+AV18+AY18+BB18+BE18+BH18+BK18+BN18+BQ18+BT18) -> 0 | BW18: =D18-E18 -> 0
A19: 45664 | B19: 0 | C19: 0 | D19: =C19-B19-G19-F19 -> 0 | E19: =IF(C19>0,$F$1,0) -> 0 | F19: 0 | H19: =IF(E19>D19,"-","+") -> + | I19: =IF(D19>E19,D19-E19,(IF(D19=E19,0,E19-D19))) -> 0 | J19: =N19+O19+R19+U19+X19+AA19+AD19+AG19+AJ19+AM19+AP19+AS19+AV19+AY19+BB19+BE19+BH19+BK19+BN19+BQ19+BT19 -> 0 | K19: =IF(D19=J19,"ok","check") -> ok | N19: =D19-(O19+R19+U19+X19+AA19+AD19+AG19+AJ19+AM19+AP19+AS19+AV19+AY19+BB19+BE19+BH19+BK19+BN19+BQ19+BT19) -> 0 | BW19: =D19-E19 -> 0
A20: 45665 | B20: 0 | C20: 0 | D20: =C20-B20-G20-F20 -> 0 | E20: =IF(C20>0,$F$1,0) -> 0 | F20: 0 | H20: =IF(E20>D20,"-","+") -> + | I20: =IF(D20>E20,D20-E20,(IF(D20=E20,0,E20-D20))) -> 0 | J20: =N20+O20+R20+U20+X20+AA20+AD20+AG20+AJ20+AM20+AP20+AS20+AV20+AY20+BB20+BE20+BH20+BK20+BN20+BQ20+BT20 -> 0 | K20: =IF(D20=J20,"ok","check") -> ok | N20: =D20-(O20+R20+U20+X20+AA20+AD20+AG20+AJ20+AM20+AP20+AS20+AV20+AY20+BB20+BE20+BH20+BK20+BN20+BQ20+BT20) -> 0 | BW20: =D20-E20 -> 0
A21: 45666 | B21: 0 | C21: 0 | D21: =C21-B21-G21-F21 -> 0 | E21: =IF(C21>0,$F$1,0) -> 0 | F21: 0 | H21: =IF(E21>D21,"-","+") -> + | I21: =IF(D21>E21,D21-E21,(IF(D21=E21,0,E21-D21))) -> 0 | J21: =N21+O21+R21+U21+X21+AA21+AD21+AG21+AJ21+AM21+AP21+AS21+AV21+AY21+BB21+BE21+BH21+BK21+BN21+BQ21+BT21 -> 0 | K21: =IF(D21=J21,"ok","check") -> ok | N21: =D21-(O21+R21+U21+X21+AA21+AD21+AG21+AJ21+AM21+AP21+AS21+AV21+AY21+BB21+BE21+BH21+BK21+BN21+BQ21+BT21) -> 0 | BW21: =D21-E21 -> 0
A22: 45667 | B22: 0 | C22: 0 | D22: =C22-B22-G22-F22 -> 0 | E22: =IF(C22>0,$F$1,0) -> 0 | F22: 0 | H22: =IF(E22>D22,"-","+") -> + | I22: =IF(D22>E22,D22-E22,(IF(D22=E22,0,E22-D22))) -> 0 | J22: =N22+O22+R22+U22+X22+AA22+AD22+AG22+AJ22+AM22+AP22+AS22+AV22+AY22+BB22+BE22+BH22+BK22+BN22+BQ22+BT22 -> 0 | K22: =IF(D22=J22,"ok","check") -> ok | N22: =D22-(O22+R22+U22+X22+AA22+AD22+AG22+AJ22+AM22+AP22+AS22+AV22+AY22+BB22+BE22+BH22+BK22+BN22+BQ22+BT22) -> 0 | BW22: =D22-E22 -> 0
A23: 45668 | B23: 0 | C23: 0 | D23: =C23-B23-G23-F23 -> 0 | E23: =IF(C23>0,$F$1,0) -> 0 | F23: 0 | H23: =IF(E23>D23,"-","+") -> + | I23: =IF(D23>E23,D23-E23,(IF(D23=E23,0,E23-D23))) -> 0 | J23: =N23+O23+R23+U23+X23+AA23+AD23+AG23+AJ23+AM23+AP23+AS23+AV23+AY23+BB23+BE23+BH23+BK23+BN23+BQ23+BT23 -> 0 | K23: =IF(D23=J23,"ok","check") -> ok | N23: =D23-(O23+R23+U23+X23+AA23+AD23+AG23+AJ23+AM23+AP23+AS23+AV23+AY23+BB23+BE23+BH23+BK23+BN23+BQ23+BT23) -> 0 | BW23: =D23-E23 -> 0
A24: 45669 | B24: 0 | C24: 0 | D24: =C24-B24-G24-F24 -> 0 | E24: =IF(C24>0,$F$1,0) -> 0 | F24: 0 | H24: =IF(E24>D24,"-","+") -> + | I24: =IF(D24>E24,D24-E24,(IF(D24=E24,0,E24-D24))) -> 0 | J24: =N24+O24+R24+U24+X24+AA24+AD24+AG24+AJ24+AM24+AP24+AS24+AV24+AY24+BB24+BE24+BH24+BK24+BN24+BQ24+BT24 -> 0 | K24: =IF(D24=J24,"ok","check") -> ok | N24: =D24-(O24+R24+U24+X24+AA24+AD24+AG24+AJ24+AM24+AP24+AS24+AV24+AY24+BB24+BE24+BH24+BK24+BN24+BQ24+BT24) -> 0 | BW24: =D24-E24 -> 0
... A43: 45688 | B43: 0 | C43: 0 | D43: =C43-B43-G43-F43 -> 0 | E43: =IF(C43>0,$F$1,0) -> 0 | F43: 0 | H43: =IF(E43>D43,"-","+") -> + | I43: =IF(D43>E43,D43-E43,(IF(D43=E43,0,E43-D43))) -> 0 | J43: =N43+O43+R43+U43+X43+AA43+AD43+AG43+AJ43+AM43+AP43+AS43+AV43+AY43+BB43+BE43+BH43+BK43+BN43+BQ43+BT43 -> 0 | K43: =IF(D43=J43,"ok","check") -> ok | N43: =D43-(O43+R43+U43+X43+AA43+AD43+AG43+AJ43+AM43+AP43+AS43+AV43+AY43+BB43+BE43+BH43+BK43+BN43+BQ43+BT43) -> 0 | BW43: =D43-E43 -> 0
A44: Total Time | D44: =SUM(D13:D43) -> 0 | E44: =SUM(E13:E43) -> 0 | H44: =IF(E44>D44,"-","+") -> + | I44: =IF(D44>E44,D44-E44,(IF(D44=E44,0,E44-D44))) -> 0 | J44: =SUM(J13:J43) -> 0 | K44: =IF(D44=J44,"ok","check") -> ok | N44: =SUM(N13:N43) -> 0 | O44: =SUM(O13:O43) -> 0 | P44: =SUM(P13:P43) -> 0 | Q44: =SUM(Q13:Q43) -> 0 | R44: =SUM(R13:R43) -> 0 | S44: =SUM(S13:S43) -> 0 | T44: =SUM(T13:T43) -> 0 | U44: =SUM(U13:U43) -> 0 | ... BW44: =SUM(BW13:BW43) -> 0
A47: =A1 -> Name Surname | F47: =A13 -> 45658
A49: Project Number | B49: Project Name | D49: Project Time | H49: Hours
A50: =O11 -> Project Number 1 | B50: =O10 -> Project Name 1 | D50: =O44 -> 0 | H50: =D50*24 -> 0
A51: =R11 -> Project Number 2 | B51: =R10 -> Project Name 2 | D51: =R44 -> 0 | H51: =D51*24 -> 0
A52: =U11 -> Project Number 3 | B52: =U10 -> Project Name 3 | D52: =U44 -> 0 | H52: =D52*24 -> 0
A53: =X11 -> Project Number 4 | B53: =X10 -> Project Name 4 | D53: =X44 -> 0 | H53: =D53*24 -> 0
A54: =AA11 -> Project Number 5 | B54: =AA10 -> Project Name 5 | D54: =AA44 -> 0 | H54: =D54*24 -> 0
A55: =AD11 -> Project Number 6 | B55: =AD10 -> Project Name 6 | D55: =AD44 -> 0 | H55: =D55*24 -> 0
A56: =AG11 -> Project Number 7 | B56: =AG10 -> Project Name 7 | D56: =AG44 -> 0 | H56: =D56*24 -> 0
A57: =AJ11 -> Project Number 8 | B57: =AJ10 -> Project Name 8 | D57: =AJ44 -> 0 | H57: =D57*24 -> 0
A58: =AM11 -> Project Number 9 | B58: =AM10 -> Project Name 9 | D58: =AM44 -> 0 | H58: =D58*24 -> 0
A59: =AP11 -> Project Number 10 | B59: =AP10 -> Project Name 10 | D59: =AP44 -> 0 | H59: =D59*24 -> 0
A60: =AS11 -> Project Number 11 | B60: =AS10 -> Project Name 11 | D60: =AS44 -> 0 | H60: =D60*24 -> 0
A61: =AV11 -> Project Number 12 | B61: =AV10 -> Project Name 12 | D61: =AV44 -> 0 | H61: =D61*24 -> 0
A62: =AY11 -> Project Number 13 | B62: =AY10 -> Project Name 13 | D62: =AY44 -> 0 | H62: =D62*24 -> 0
A63: =BB11 -> Project Number 14 | B63: =BB10 -> Project Name 14 | D63: =BB44 -> 0 | H63: =D63*24 -> 0
A64: =BE11 -> Project Number 15 | B64: =BE10 -> Project Name 15 | D64: =BE44 -> 0 | H64: =D64*24 -> 0
A65: =BH11 -> Project Number 16 | B65: =BH10 -> Project Name 16 | D65: =BH44 -> 0 | H65: =D65*24 -> 0
A66: =BK11 -> Project Number 17 | B66: =BK10 -> Project Name 17 | D66: =BK44 -> 0 | H66: =D66*24 -> 0
A67: =BN11 -> Project Number 18 | B67: =BN10 -> Project Name 18 | D67: =BN44 -> 0 | H67: =D67*24 -> 0
A68: =BQ11 -> Project Number 19 | B68: =BQ10 -> Project Name 19 | D68: =BQ44 -> 0 | H68: =D68*24 -> 0
A69: =BT11 -> Project Number 20 | B69: =BT10 -> Project Name 20 | D69: =BT44 -> 0 | H69: =D69*24 -> 0
A70: general acitvity | B70: general acitvity | D70: =N44 -> 0 | H70: =D70*24 -> 0
A71: overall results | D71: =D44 -> 0 | H71: =SUM(H50:I70) -> 0
A74: Monthly Result | E74: =H4 -> - | F74: =IF(I4>=0,I4,"Negative") -> 0
A76: overtime of the previous month | E76: =H6 -> + | F76: =I6 -> 0
A77: comp time or accounting | E77: =H7 -> - | F77: =I7 -> 0
A78: overtime overall result | E78: =H8 -> + | F78: =I8 -> -0.83333333
A79: Current outstanding holidays | E79: =H9 -> + | F79: =I9 -> 2.0833333
A80: spent holidays this month | F80: =I10 -> 0
A82: =A47 -> Name Surname | B82: Signature: __________________________

Sheet February
A1: =January!A1 -> Name Surname | C1: Target Time: | F1: =January!F1 -> 0.32083333
A2: =January!A2 -> Email | C2: Working hours billed: | F2: 0 | K2: =25/12 -> 2.0833333 | N2: 0.83333333
A3: =January!A3 -> Role
A4: =January!A4 -> Vienna | E4: Monthly Result | H4: =IF(I4>0,"+","-") -> - | I4: =BW41 -> 0
D5: overtime of the current month | H5: + | I5: =I4-N2 -> -0.83333333
A6: Status | D6: overtime of the previous month | H6: + | I6: =January!I8 -> -0.83333333
A7: sick = s | D7: comp time or accounting | H7: - | I7: 0
A8: comp time = c | D8: overtime overall result | H8: + | I8: =I5+I6-I7 -> -1.6666667
A9: holiday = h | D9: outstanding holidays | H9: =IF(I9>0,"+","-") -> + | I9: =January!I9+K2-I10 -> 4.1666667 | K9: =I9+((0+(0/60))/8) -> 4.1666667 | O9: Please fill in the Project Name and the Project Number for each Project you are working for
A10: no work day = n | D10: spent holidays | I10: 0 | M10: insert shortcut | N10: General Activity | O10: =January!O10 -> Project Name 1 | R10: =January!R10 -> Project Name 2 | U10: =January!U10 -> Project Name 3 | X10: =January!X10 -> Project Name 4 | AA10: =January!AA10 -> Project Name 5 | AD10: =January!AD10 -> Project Name 6 | AG10: =January!AG10 -> Project Name 7 | AJ10: =January!AJ10 -> Project Name 8 | AM10: =January!AM10 -> Project Name 9 | AP10: =January!AP10 -> Project Name 10 | AS10: =January!AS10 -> Project Name 11 | AV10: =January!AV10 -> Project Name 12 | AY10: =January!AY10 -> Project Name 13 | BB10: =January!BB10 -> Project Name 14 | BE10: =January!BE10 -> Project Name 15 | BH10: =January!BH10 -> Project Name 16 | BK10: =January!BK10 -> Project Name 17 | BN10: =January!BN10 -> Project Name 18 | BQ10: =January!BQ10 -> Project Name 19 | BT10: =January!BT10 -> Project Name 20
A11: Business Trip = b | M11: Status | N11: =January!N11 -> General Activity Name Surname | O11: =January!O11 -> Project Number 1 | P11: =January!P11 -> Interviews | Q11: =January!Q11 -> Database | R11: =January!R11 -> Project Number 2 | S11: =January!S11 -> Interviews | T11: =January!T11 -> Database | U11: =January!U11 -> Project Number 3 | ... BV11: =January!BV11 -> Database
A12: Date | B12: Start | C12: End | D12: Time | E12: Target | F12: Breaks | I12: +/- | J12: Accounting | K12: Control | M12: c/s/h/n/b | N12: Hours | O12: Project Total Hours | P12: Number | Q12: Hours | R12: Project Total Hours | S12: Number | T12: Hours | U12: Project Total Hours | V12: Number | W12: Hours | X12: Project Total Hours | Y12: Number | Z12: Hours | AA12: Project Total Hours | AB12: Number | AC12: Hours | AD12: Project Total Hours | AE12: Number | AF12: Hours | AG12: Project Total Hours | AH12: Number | AI12: Hours | AJ12: Project Total Hours | AK12: Number | AL12: Hours | AM12: Project Total Hours | AN12: Number | AO12: Hours | AP12: Project Total Hours | AQ12: Number | AR12: Hours | AS12: Project Total Hours | AT12: Number | AU12: Hours | AV12: Project Total Hours | AW12: Number | AX12: Hours | AY12: Project Total Hours | AZ12: Number | BA12: Hours | BB12: Project Total Hours | BC12: Number | BD12: Hours | BE12: Project Total Hours | BF12: Number | BG12: Hours | BH12: Project Total Hours | BI12: Number | BJ12: Hours | BK12: Project Total Hours | BL12: Number | BM12: Hours | BN12: Project Total Hours | BO12: Number | BP12: Hours | BQ12: Project Total Hours | BR12: Number | BS12: Hours | BT12: Project Total Hours | BU12: Number | BV12: Hours
A13: 45689 | B13: 0 | C13: 0 | D13: =C13-B13-G13-F13 -> 0 | E13: =IF(C13>0,$F$1,0) -> 0 | F13: 0 | H13: =IF(E13>D13,"-","+") -> + | I13: =IF(D13>E13,D13-E13,(IF(D13=E13,0,E13-D13))) -> 0 | J13: =N13+O13+R13+U13+X13+AA13+AD13+AG13+AJ13+AM13+AP13+AS13+AV13+AY13+BB13+BE13+BH13+BK13+BN13+BQ13+BT13 -> 0 | K13: =IF(D13=J13,"ok","check") -> ok | N13: =D13-(O13+R13+U13+X13+AA13+AD13+AG13+AJ13+AM13+AP13+AS13+AV13+AY13+BB13+BE13+BH13+BK13+BN13+BQ13+BT13) -> 0 | BW13: =D13-E13 -> 0
A14: 45690 | B14: 0 | C14: 0 | D14: =C14-B14-G14-F14 -> 0 | E14: =IF(C14>0,$F$1,0) -> 0 | F14: 0 | H14: =IF(E14>D14,"-","+") -> + | I14: =IF(D14>E14,D14-E14,(IF(D14=E14,0,E14-D14))) -> 0 | J14: =N14+O14+R14+U14+X14+AA14+AD14+AG14+AJ14+AM14+AP14+AS14+AV14+AY14+BB14+BE14+BH14+BK14+BN14+BQ14+BT14 -> 0 | K14: =IF(D14=J14,"ok","check") -> ok | N14: =D14-(O14+R14+U14+X14+AA14+AD14+AG14+AJ14+AM14+AP14+AS14+AV14+AY14+BB14+BE14+BH14+BK14+BN14+BQ14+BT14) -> 0 | BW14: =D14-E14 -> 0
A15: 45691 | B15: 0 | C15: 0 | D15: =C15-B15-G15-F15 -> 0 | E15: =IF(C15>0,$F$1,0) -> 0 | F15: 0 | H15: =IF(E15>D15,"-","+") -> + | I15: =IF(D15>E15,D15-E15,(IF(D15=E15,0,E15-D15))) -> 0 | J15: =N15+O15+R15+U15+X15+AA15+AD15+AG15+AJ15+AM15+AP15+AS15+AV15+AY15+BB15+BE15+BH15+BK15+BN15+BQ15+BT15 -> 0 | K15: =IF(D15=J15,"ok","check") -> ok | N15: =D15-(O15+R15+U15+X15+AA15+AD15+AG15+AJ15+AM15+AP15+AS15+AV15+AY15+BB15+BE15+BH15+BK15+BN15+BQ15+BT15) -> 0 | BW15: =D15-E15 -> 0
A16: 45692 | B16: 0 | C16: 0 | D16: =C16-B16-G16-F16 -> 0 | E16: =IF(C16>0,$F$1,0) -> 0 | F16: 0 | H16: =IF(E16>D16,"-","+") -> + | I16: =IF(D16>E16,D16-E16,(IF(D16=E16,0,E16-D16))) -> 0 | J16: =N16+O16+R16+U16+X16+AA16+AD16+AG16+AJ16+AM16+AP16+AS16+AV16+AY16+BB16+BE16+BH16+BK16+BN16+BQ16+BT16 -> 0 | K16: =IF(D16=J16,"ok","check") -> ok | N16: =D16-(O16+R16+U16+X16+AA16+AD16+AG16+AJ16+AM16+AP16+AS16+AV16+AY16+BB16+BE16+BH16+BK16+BN16+BQ16+BT16) -> 0 | BW16: =D16-E16 -> 0
A17: 45693 | B17: 0 | C17: 0 | D17: =C17-B17-G17-F17 -> 0 | E17: =IF(C17>0,$F$1,0) -> 0 | F17: 0 | H17: =IF(E17>D17,"-","+") -> + | I17: =IF(D17>E17,D17-E17,(IF(D17=E17,0,E17-D17))) -> 0 | J17: =N17+O17+R17+U17+X17+AA17+AD17+AG17+AJ17+AM17+AP17+AS17+AV17+AY17+BB17+BE17+BH17+BK17+BN17+BQ17+BT17 -> 0 | K17: =IF(D17=J17,"ok","check") -> ok | N17: =D17-(O17+R17+U17+X17+AA17+AD17+AG17+AJ17+AM17+AP17+AS17+AV17+AY17+BB17+BE17+BH17+BK17+BN17+BQ17+BT17) -> 0 | BW17: =D17-E17 -> 0
A18: 45694 | B18: 0 | C18: 0 | D18: =C18-B18-G18-F18 -> 0 | E18: =IF(C18>0,$F$1,0) -> 0 | F18: 0 | H18: =IF(E18>D18,"-","+") -> + | I18: =IF(D18>E18,D18-E18,(IF(D18=E18,0,E18-D18))) -> 0 | J18: =N18+O18+R18+U18+X18+AA18+AD18+AG18+AJ18+AM18+AP18+AS18+AV18+AY18+BB18+BE18+BH18+BK18+BN18+BQ18+BT18 -> 0 | K18: =IF(D18=J18,"ok","check") -> ok | N18: =D18-(O18+R18+U18+X18+AA18+AD18+AG18+AJ18+AM18+AP18+AS18+AV18+AY18+BB18+BE18+BH18+BK18+BN18+BQ18+BT18) -> 0 | BW18: =D18-E18 -> 0
A19: 45695 | B19: 0 | C19: 0 | D19: =C19-B19-G19-F19 -> 0 | E19: =IF(C19>0,$F$1,0) -> 0 | F19: 0 | H19: =IF(E19>D19,"-","+") -> + | I19: =IF(D19>E19,D19-E19,(IF(D19=E19,0,E19-D19))) -> 0 | J19: =N19+O19+R19+U19+X19+AA19+AD19+AG19+AJ19+AM19+AP19+AS19+AV19+AY19+BB19+BE19+BH19+BK19+BN19+BQ19+BT19 -> 0 | K19: =IF(D19=J19,"ok","check") -> ok | N19: =D19-(O19+R19+U19+X19+AA19+AD19+AG19+AJ19+AM19+AP19+AS19+AV19+AY19+BB19+BE19+BH19+BK19+BN19+BQ19+BT19) -> 0 | BW19: =D19-E19 -> 0
A20: 45696 | B20: 0 | C20: 0 | D20: =C20-B20-G20-F20 -> 0 | E20: =IF(C20>0,$F$1,0) -> 0 | F20: 0 | H20: =IF(E20>D20,"-","+") -> + | I20: =IF(D20>E20,D20-E20,(IF(D20=E20,0,E20-D20))) -> 0 | J20: =N20+O20+R20+U20+X20+AA20+AD20+AG20+AJ20+AM20+AP20+AS20+AV20+AY20+BB20+BE20+BH20+BK20+BN20+BQ20+BT20 -> 0 | K20: =IF(D20=J20,"ok","check") -> ok | N20: =D20-(O20+R20+U20+X20+AA20+AD20+AG20+AJ20+AM20+AP20+AS20+AV20+AY20+BB20+BE20+BH20+BK20+BN20+BQ20+BT20) -> 0 | BW20: =D20-E20 -> 0
A21: 45697 | B21: 0 | C21: 0 | D21: =C21-B21-G21-F21 -> 0 | E21: =IF(C21>0,$F$1,0) -> 0 | F21: 0 | H21: =IF(E21>D21,"-","+") -> + | I21: =IF(D21>E21,D21-E21,(IF(D21=E21,0,E21-D21))) -> 0 | J21: =N21+O21+R21+U21+X21+AA21+AD21+AG21+AJ21+AM21+AP21+AS21+AV21+AY21+BB21+BE21+BH21+BK21+BN21+BQ21+BT21 -> 0 | K21: =IF(D21=J21,"ok","check") -> ok | N21: =D21-(O21+R21+U21+X21+AA21+AD21+AG21+AJ21+AM21+AP21+AS21+AV21+AY21+BB21+BE21+BH21+BK21+BN21+BQ21+BT21) -> 0 | BW21: =D21-E21 -> 0
A22: 45698 | B22: 0 | C22: 0 | D22: =C22-B22-G22-F22 -> 0 | E22: =IF(C22>0,$F$1,0) -> 0 | F22: 0 | H22: =IF(E22>D22,"-","+") -> + | I22: =IF(D22>E22,D22-E22,(IF(D22=E22,0,E22-D22))) -> 0 | J22: =N22+O22+R22+U22+X22+AA22+AD22+AG22+AJ22+AM22+AP22+AS22+AV22+AY22+BB22+BE22+BH22+BK22+BN22+BQ22+BT22 -> 0 | K22: =IF(D22=J22,"ok","check") -> ok | N22: =D22-(O22+R22+U22+X22+AA22+AD22+AG22+AJ22+AM22+AP22+AS22+AV22+AY22+BB22+BE22+BH22+BK22+BN22+BQ22+BT22) -> 0 | BW22: =D22-E22 -> 0
A23: 45699 | B23: 0 | C23: 0 | D23: =C23-B23-G23-F23 -> 0 | E23: =IF(C23>0,$F$1,0) -> 0 | F23: 0 | H23: =IF(E23>D23,"-","+") -> + | I23: =IF(D23>E23,D23-E23,(IF(D23=E23,0,E23-D23))) -> 0 | J23: =N23+O23+R23+U23+X23+AA23+AD23+AG23+AJ23+AM23+AP23+AS23+AV23+AY23+BB23+BE23+BH23+BK23+BN23+BQ23+BT23 -> 0 | K23: =IF(D23=J23,"ok","check") -> ok | N23: =D23-(O23+R23+U23+X23+AA23+AD23+AG23+AJ23+AM23+AP23+AS23+AV23+AY23+BB23+BE23+BH23+BK23+BN23+BQ23+BT23) -> 0 | BW23: =D23-E23 -> 0
A24: 45700 | B24: 0 | C24: 0 | D24: =C24-B24-G24-F24 -> 0 | E24: =IF(C24>0,$F$1,0) -> 0 | F24: 0 | H24: =IF(E24>D24,"-","+") -> + | I24: =IF(D24>E24,D24-E24,(IF(D24=E24,0,E24-D24))) -> 0 | J24: =N24+O24+R24+U24+X24+AA24+AD24+AG24+AJ24+AM24+AP24+AS24+AV24+AY24+BB24+BE24+BH24+BK24+BN24+BQ24+BT24 -> 0 | K24: =IF(D24=J24,"ok","check") -> ok | N24: =D24-(O24+R24+U24+X24+AA24+AD24+AG24+AJ24+AM24+AP24+AS24+AV24+AY24+BB24+BE24+BH24+BK24+BN24+BQ24+BT24) -> 0 | BW24: =D24-E24 -> 0
... A40: 45716 | B40: 0 | C40: 0 | D40: =C40-B40-G40-F40 -> 0 | E40: =IF(C40>0,$F$1,0) -> 0 | F40: 0 | H40: =IF(E40>D40,"-","+") -> + | I40: =IF(D40>E40,D40-E40,(IF(D40=E40,0,E40-D40))) -> 0 | J40: =N40+O40+R40+U40+X40+AA40+AD40+AG40+AJ40+AM40+AP40+AS40+AV40+AY40+BB40+BE40+BH40+BK40+BN40+BQ40+BT40 -> 0 | K40: =IF(D40=J40,"ok","check") -> ok | N40: =D40-(O40+R40+U40+X40+AA40+AD40+AG40+AJ40+AM40+AP40+AS40+AV40+AY40+BB40+BE40+BH40+BK40+BN40+BQ40+BT40) -> 0 | BW40: =D40-E40 -> 0
A41: Total Time | D41: =SUM(D11:D40) -> 0 | E41: =SUM(E11:E40) -> 0 | H41: =IF(E41>D41,"-","+") -> + | I41: =IF(D41>E41,D41-E41,(IF(D41=E41,0,E41-D41))) -> 0 | J41: =SUM(J11:J40) -> 0 | K41: =IF(D41=J41,"ok","check") -> ok | N41: =SUM(N13:N40) -> 0 | O41: =SUM(O13:O40) -> 0 | P41: =SUM(P13:P40) -> 0 | Q41: =SUM(Q13:Q40) -> 0 | R41: =SUM(R13:R40) -> 0 | S41: =SUM(S13:S40) -> 0 | T41: =SUM(T13:T40) -> 0 | U41: =SUM(U13:U40) -> 0 | ... BW41: =SUM(BW13:BW40) -> 0
A43: =A1 -> Name Surname | F43: =A13 -> 45689
A45: Project Number | B45: Project Name | D45: Project Time | H45: Hours
A46: =O11 -> Project Number 1 | B46: =O10 -> Project Name 1 | D46: =O41 -> 0 | H46: =D46*24 -> 0
A47: =R11 -> Project Number 2 | B47: =R10 -> Project Name 2 | D47: =R41 -> 0 | H47: =D47*24 -> 0
A48: =U11 -> Project Number 3 | B48: =U10 -> Project Name 3 | D48: =U41 -> 0 | H48: =D48*24 -> 0
A49: =X11 -> Project Number 4 | B49: =X10 -> Project Name 4 | D49: =X41 -> 0 | H49: =D49*24 -> 0
A50: =AA11 -> Project Number 5 | B50: =AA10 -> Project Name 5 | D50: =AA41 -> 0 | H50: =D50*24 -> 0
A51: =AD11 -> Project Number 6 | B51: =AD10 -> Project Name 6 | D51: =AD41 -> 0 | H51: =D51*24 -> 0
A52: =AG11 -> Project Number 7 | B52: =AG10 -> Project Name 7 | D52: =AG41 -> 0 | H52: =D52*24 -> 0
A53: =AJ11 -> Project Number 8 | B53: =AJ10 -> Project Name 8 | D53: =AJ41 -> 0 | H53: =D53*24 -> 0
A54: =AM11 -> Project Number 9 | B54: =AM10 -> Project Name 9 | D54: =AM41 -> 0 | H54: =D54*24 -> 0
A55: =AP11 -> Project Number 10 | B55: =AP10 -> Project Name 10 | D55: =AP41 -> 0 | H55: =D55*24 -> 0
A56: =AS11 -> Project Number 11 | B56: =AS10 -> Project Name 11 | D56: =AS41 -> 0 | H56: =D56*24 -> 0
A57: =AV11 -> Project Number 12 | B57: =AV10 -> Project Name 12 | D57: =AV41 -> 0 | H57: =D57*24 -> 0
A58: =AY11 -> Project Number 13 | B58: =AY10 -> Project Name 13 | D58: =AY41 -> 0 | H58: =D58*24 -> 0
A59: =BB11 -> Project Number 14 | B59: =BB10 -> Project Name 14 | D59: =BB41 -> 0 | H59: =D59*24 -> 0
A60: =BE11 -> Project Number 15 | B60: =BE10 -> Project Name 15 | D60: =BE41 -> 0 | H60: =D60*24 -> 0
A61: =BH11 -> Project Number 16 | B61: =BH10 -> Project Name 16 | D61: =BH41 -> 0 | H61: =D61*24 -> 0
A62: =BK11 -> Project Number 17 | B62: =BK10 -> Project Name 17 | D62: =BK41 -> 0 | H62: =D62*24 -> 0
A63: =BN11 -> Project Number 18 | B63: =BN10 -> Project Name 18 | D63: =BN41 -> 0 | H63: =D63*24 -> 0
A64: =BQ11 -> Project Number 19 | B64: =BQ10 -> Project Name 19 | D64: =BQ41 -> 0 | H64: =D64*24 -> 0
A65: =BT11 -> Project Number 20 | B65: =BT10 -> Project Name 20 | D65: =BT41 -> 0 | H65: =D65*24 -> 0
A66: general acitvity | B66: general acitvity | D66: =N41 -> 0 | H66: =D66*24 -> 0
A67: overall results | D67: =D41 -> 0 | H67: =SUM(H46:I66) -> 0
A70: Monthly Result | E70: =H4 -> - | F70: =IF(I4>=0,I4,"Negative") -> 0
A72: Carried over of the previous month | E72: =H6 -> + | F72: =I6 -> -0.83333333
A73: comp time or accounting | E73: =H7 -> - | F73: =I7 -> 0
A74: overall result: | E74: =H8 -> + | F74: =I8 -> -1.6666667
A75: overtime of the previous month | E75: =H9 -> + | F75: =I9 -> 4.1666667
A76: spent holidays | F76: =I10 -> 0
A77: overtime overall result
A78: Current outstanding holidays | B78: Signature: __________________________
A79: spent holidays this month

Sheet March
A1: =February!A1 -> Name Surname | C1: Target Time: | F1: =February!F1 -> 0.32083333
A2: =February!A2 -> Email | C2: Working hours billed: | F2: 0 | K2: =25/12 -> 2.0833333 | N2: 0.83333333
A3: =February!A3 -> Role
A4: =February!A4 -> Vienna | E4: Monthly Result | H4: =IF(I4>0,"+","-") -> - | I4: =BW44 -> 0
D5: overtime of the current month | H5: + | I5: =I4-N2 -> -0.83333333
A6: Status | D6: overtime of the previous month | H6: + | I6: =February!I8 -> -1.6666667
A7: sick = s | D7: comp time or accounting | H7: - | I7: 0
A8: comp time = c | D8: overtime overall result | H8: + | I8: =I5+I6-I7 -> -2.5
A9: holiday = h | D9: outstanding holidays | H9: =IF(I9>0,"+","-") -> + | I9: =February!I9+K2-I10 -> 6.25 | K9: =I9+((0+(0/60))/8) -> 6.25 | O9: Please fill in the Project Name and the Project Number for each Project you are working for
A10: no work day = n | D10: spent holidays | I10: 0 | M10: insert shortcut | N10: General Activity | O10: =February!O10 -> Project Name 1 | R10: =February!R10 -> Project Name 2 | U10: =February!U10 -> Project Name 3 | X10: =February!X10 -> Project Name 4 | AA10: =February!AA10 -> Project Name 5 | AD10: =February!AD10 -> Project Name 6 | AG10: =February!AG10 -> Project Name 7 | AJ10: =February!AJ10 -> Project Name 8 | AM10: =February!AM10 -> Project Name 9 | AP10: =February!AP10 -> Project Name 10 | AS10: =February!AS10 -> Project Name 11 | AV10: =February!AV10 -> Project Name 12 | AY10: =February!AY10 -> Project Name 13 | BB10: =February!BB10 -> Project Name 14 | BE10: =February!BE10 -> Project Name 15 | BH10: =February!BH10 -> Project Name 16 | BK10: =February!BK10 -> Project Name 17 | BN10: =February!BN10 -> Project Name 18 | BQ10: =February!BQ10 -> Project Name 19 | BT10: =February!BT10 -> Project Name 20
A11: Business Trip = b | M11: Status | N11: =February!N11 -> General Activity Name Surname | O11: =February!O11 -> Project Number 1 | P11: =February!P11 -> Interviews | Q11: =February!Q11 -> Database | R11: =February!R11 -> Project Number 2 | S11: =February!S11 -> Interviews | T11: =February!T11 -> Database | U11: =February!U11 -> Project Number 3 | ... BV11: =February!BV11 -> Database
A12: Date | B12: Start | C12: End | D12: Time | E12: Target | F12: Breaks | I12: +/- | J12: Accounting | K12: Control | M12: c/s/h/n/b | N12: Hours | O12: Project Total Hours | P12: Number | Q12: Hours | R12: Project Total Hours | S12: Number | T12: Hours | U12: Project Total Hours | V12: Number | W12: Hours | X12: Project Total Hours | Y12: Number | Z12: Hours | AA12: Project Total Hours | AB12: Number | AC12: Hours | AD12: Project Total Hours | AE12: Number | AF12: Hours | AG12: Project Total Hours | AH12: Number | AI12: Hours | AJ12: Project Total Hours | AK12: Number | AL12: Hours | AM12: Project Total Hours | AN12: Number | AO12: Hours | AP12: Project Total Hours | AQ12: Number | AR12: Hours | AS12: Project Total Hours | AT12: Number | AU12: Hours | AV12: Project Total Hours | AW12: Number | AX12: Hours | AY12: Project Total Hours | AZ12: Number | BA12: Hours | BB12: Project Total Hours | BC12: Number | BD12: Hours | BE12: Project Total Hours | BF12: Number | BG12: Hours | BH12: Project Total Hours | BI12: Number | BJ12: Hours | BK12: Project Total Hours | BL12: Number | BM12: Hours | BN12: Project Total Hours | BO12: Number | BP12: Hours | BQ12: Project Total Hours | BR12: Number | BS12: Hours | BT12: Project Total Hours | BU12: Number | BV12: Hours
A13: 45717 | B13: 0 | C13: 0 | D13: =C13-B13-G13-F13 -> 0 | E13: =IF(C13>0,$F$1,0) -> 0 | F13: 0 | H13: =IF(E13>D13,"-","+") -> + | I13: =IF(D13>E13,D13-E13,(IF(D13=E13,0,E13-D13))) -> 0 | J13: =N13+O13+R13+U13+X13+AA13+AD13+AG13+AJ13+AM13+AP13+AS13+AV13+AY13+BB13+BE13+BH13+BK13+BN13+BQ13+BT13 -> 0 | K13: =IF(D13=J13,"ok","check") -> ok | N13: =D13-(O13+R13+U13+X13+AA13+AD13+AG13+AJ13+AM13+AP13+AS13+AV13+AY13+BB13+BE13+BH13+BK13+BN13+BQ13+BT13) -> 0 | BW13: =D13-E13 -> 0
A14: 45718 | B14: 0 | C14: 0 | D14: =C14-B14-G14-F14 -> 0 | E14: =IF(C14>0,$F$1,0) -> 0 | F14: 0 | H14: =IF(E14>D14,"-","+") -> + | I14: =IF(D14>E14,D14-E14,(IF(D14=E14,0,E14-D14))) -> 0 | J14: =N14+O14+R14+U14+X14+AA14+AD14+AG14+AJ14+AM14+AP14+AS14+AV14+AY14+BB14+BE14+BH14+BK14+BN14+BQ14+BT14 -> 0 | K14: =IF(D14=J14,"ok","check") -> ok | N14: =D14-(O14+R14+U14+X14+AA14+AD14+AG14+AJ14+AM14+AP14+AS14+AV14+AY14+BB14+BE14+BH14+BK14+BN14+BQ14+BT14) -> 0 | BW14: =D14-E14 -> 0
A15: 45719 | B15: 0 | C15: 0 | D15: =C15-B15-G15-F15 -> 0 | E15: =IF(C15>0,$F$1,0) -> 0 | F15: 0 | H15: =IF(E15>D15,"-","+") -> + | I15: =IF(D15>E15,D15-E15,(IF(D15=E15,0,E15-D15))) -> 0 | J15: =N15+O15+R15+U15+X15+AA15+AD15+AG15+AJ15+AM15+AP15+AS15+AV15+AY15+BB15+BE15+BH15+BK15+BN15+BQ15+BT15 -> 0 | K15: =IF(D15=J15,"ok","check") -> ok | N15: =D15-(O15+R15+U15+X15+AA15+AD15+AG15+AJ15+AM15+AP15+AS15+AV15+AY15+BB15+BE15+BH15+BK15+BN15+BQ15+BT15) -> 0 | BW15: =D15-E15 -> 0
A16: 45720 | B16: 0 | C16: 0 | D16: =C16-B16-G16-F16 -> 0 | E16: =IF(C16>0,$F$1,0) -> 0 | F16: 0 | H16: =IF(E16>D16,"-","+") -> + | I16: =IF(D16>E16,D16-E16,(IF(D16=E16,0,E16-D16))) -> 0 | J16: =N16+O16+R16+U16+X16+AA16+AD16+AG16+AJ16+AM16+AP16+AS16+AV16+AY16+BB16+BE16+BH16+BK16+BN16+BQ16+BT16 -> 0 | K16: =IF(D16=J16,"ok","check") -> ok | N16: =D16-(O16+R16+U16+X16+AA16+AD16+AG16+AJ16+AM16+AP16+AS16+AV16+AY16+BB16+BE16+BH16+BK16+BN16+BQ16+BT16) -> 0 | BW16: =D16-E16 -> 0
A17: 45721 | B17: 0 | C17: 0 | D17: =C17-B17-G17-F17 -> 0 | E17: =IF(C17>0,$F$1,0) -> 0 | F17: 0 | H17: =IF(E17>D17,"-","+") -> + | I17: =IF(D17>E17,D17-E17,(IF(D17=E17,0,E17-D17))) -> 0 | J17: =N17+O17+R17+U17+X17+AA17+AD17+AG17+AJ17+AM17+AP17+AS17+AV17+AY17+BB17+BE17+BH17+BK17+BN17+BQ17+BT17 -> 0 | K17: =IF(D17=J17,"ok","check") -> ok | N17: =D17-(O17+R17+U17+X17+AA17+AD17+AG17+AJ17+AM17+AP17+AS17+AV17+AY17+BB17+BE17+BH17+BK17+BN17+BQ17+BT17) -> 0 | BW17: =D17-E17 -> 0
A18: 45722 | B18: 0 | C18: 0 | D18: =C18-B18-G18-F18 -> 0 | E18: =IF(C18>0,$F$1,0) -> 0 | F18: 0 | H18: =IF(E18>D18,"-","+") -> + | I18: =IF(D18>E18,D18-E18,(IF(D18=E18,0,E18-D18))) -> 0 | J18: =N18+O18+R18+U18+X18+AA18+AD18+AG18+AJ18+AM18+AP18+AS18+AV18+AY18+BB18+BE18+BH18+BK18+BN18+BQ18+BT18 -> 0 | K18: =IF(D18=J18,"ok","check") -> ok | N18: =D18-(O18+R18+U18+X18+AA18+AD18+AG18+AJ18+AM18+AP18+AS18+AV18+AY18+BB18+BE18+BH18+BK18+BN18+BQ18+BT18) -> 0 | BW18: =D18-E18 -> 0
A19: 45723 | B19: 0 | C19: 0 | D19: =C19-B19-G19-F19 -> 0 | E19: =IF(C19>0,$F$1,0) -> 0 | F19: 0 | H19: =IF(E19>D19,"-","+") -> + | I19: =IF(D19>E19,D19-E19,(IF(D19=E19,0,E19-D19))) -> 0 | J19: =N19+O19+R19+U19+X19+AA19+AD19+AG19+AJ19+AM19+AP19+AS19+AV19+AY19+BB19+BE19+BH19+BK19+BN19+BQ19+BT19 -> 0 | K19: =IF(D19=J19,"ok","check") -> ok | N19: =D19-(O19+R19+U19+X19+AA19+AD19+AG19+AJ19+AM19+AP19+AS19+AV19+AY19+BB19+BE19+BH19+BK19+BN19+BQ19+BT19) -> 0 | BW19: =D19-E19 -> 0
A20: 45724 | B20: 0 | C20: 0 | D20: =C20-B20-G20-F20 -> 0 | E20: =IF(C20>0,$F$1,0) -> 0 | F20: 0 | H20: =IF(E20>D20,"-","+") -> + | I20: =IF(D20>E20,D20-E20,(IF(D20=E20,0,E20-D20))) -> 0 | J20: =N20+O20+R20+U20+X20+AA20+AD20+AG20+AJ20+AM20+AP20+AS20+AV20+AY20+BB20+BE20+BH20+BK20+BN20+BQ20+BT20 -> 0 | K20: =IF(D20=J20,"ok","check") -> ok | N20: =D20-(O20+R20+U20+X20+AA20+AD20+AG20+AJ20+AM20+AP20+AS20+AV20+AY20+BB20+BE20+BH20+BK20+BN20+BQ20+BT20) -> 0 | BW20: =D20-E20 -> 0
A21: 45725 | B21: 0 | C21: 0 | D21: =C21-B21-G21-F21 -> 0 | E21: =IF(C21>0,$F$1,0) -> 0 | F21: 0 | H21: =IF(E21>D21,"-","+") -> + | I21: =IF(D21>E21,D21-E21,(IF(D21=E21,0,E21-D21))) -> 0 | J21: =N21+O21+R21+U21+X21+AA21+AD21+AG21+AJ21+AM21+AP21+AS21+AV21+AY21+BB21+BE21+BH21+BK21+BN21+BQ21+BT21 -> 0 | K21: =IF(D21=J21,"ok","check") -> ok | N21: =D21-(O21+R21+U21+X21+AA21+AD21+AG21+AJ21+AM21+AP21+AS21+AV21+AY21+BB21+BE21+BH21+BK21+BN21+BQ21+BT21) -> 0 | BW21: =D21-E21 -> 0
A22: 45726 | B22: 0 | C22: 0 | D22: =C22-B22-G22-F22 -> 0 | E22: =IF(C22>0,$F$1,0) -> 0 | F22: 0 | H22: =IF(E22>D22,"-","+") -> + | I22: =IF(D22>E22,D22-E22,(IF(D22=E22,0,E22-D22))) -> 0 | J22: =N22+O22+R22+U22+X22+AA22+AD22+AG22+AJ22+AM22+AP22+AS22+AV22+AY22+BB22+BE22+BH22+BK22+BN22+BQ22+BT22 -> 0 | K22: =IF(D22=J22,"ok","check") -> ok | N22: =D22-(O22+R22+U22+X22+AA22+AD22+AG22+AJ22+AM22+AP22+AS22+AV22+AY22+BB22+BE22+BH22+BK22+BN22+BQ22+BT22) -> 0 | BW22: =D22-E22 -> 0
A23: 45727 | B23: 0 | C23: 0 | D23: =C23-B23-G23-F23 -> 0 | E23: =IF(C23>0,$F$1,0) -> 0 | F23: 0 | H23: =IF(E23>D23,"-","+") -> + | I23: =IF(D23>E23,D23-E23,(IF(D23=E23,0,E23-D23))) -> 0 | J23: =N23+O23+R23+U23+X23+AA23+AD23+AG23+AJ23+AM23+AP23+AS23+AV23+AY23+BB23+BE23+BH23+BK23+BN23+BQ23+BT23 -> 0 | K23: =IF(D23=J23,"ok","check") -> ok | N23: =D23-(O23+R23+U23+X23+AA23+AD23+AG23+AJ23+AM23+AP23+AS23+AV23+AY23+BB23+BE23+BH23+BK23+BN23+BQ23+BT23) -> 0 | BW23: =D23-E23 -> 0
A24: 45728 | B24: 0 | C24: 0 | D24: =C24-B24-G24-F24 -> 0 | E24: =IF(C24>0,$F$1,0) -> 0 | F24: 0 | H24: =IF(E24>D24,"-","+") -> + | I24: =IF(D24>E24,D24-E24,(IF(D24=E24,0,E24-D24))) -> 0 | J24: =N24+O24+R24+U24+X24+AA24+AD24+AG24+AJ24+AM24+AP24+AS24+AV24+AY24+BB24+BE24+BH24+BK24+BN24+BQ24+BT24 -> 0 | K24: =IF(D24=J24,"ok","check") -> ok | N24: =D24-(O24+R24+U24+X24+AA24+AD24+AG24+AJ24+AM24+AP24+AS24+AV24+AY24+BB24+BE24+BH24+BK24+BN24+BQ24+BT24) -> 0 | BW24: =D24-E24 -> 0
... A43: 45747 | B43: 0 | C43: 0 | D43: =C43-B43-G43-F43 -> 0 | E43: =IF(C43>0,$F$1,0) -> 0 | F43: 0 | H43: =IF(E43>D43,"-","+") -> + | I43: =IF(D43>E43,D43-E43,(IF(D43=E43,0,E43-D43))) -> 0 | J43: =N43+O43+R43+U43+X43+AA43+AD43+AG43+AJ43+AM43+AP43+AS43+AV43+AY43+BB43+BE43+BH43+BK43+BN43+BQ43+BT43 -> 0 | K43: =IF(D43=J43,"ok","check") -> ok | N43: =D43-(O43+R43+U43+X43+AA43+AD43+AG43+AJ43+AM43+AP43+AS43+AV43+AY43+BB43+BE43+BH43+BK43+BN43+BQ43+BT43) -> 0 | BW43: =D43-E43 -> 0
A44: Total Time | D44: =SUM(D13:D43) -> 0 | E44: =SUM(E13:E43) -> 0 | H44: =IF(E44>D44,"-","+") -> + | I44: =IF(D44>E44,D44-E44,(IF(D44=E44,0,E44-D44))) -> 0 | J44: =SUM(J13:J43) -> 0 | K44: =IF(D44=J44,"ok","check") -> ok | N44: =SUM(N13:N43) -> 0 | O44: =SUM(O13:O43) -> 0 | P44: =SUM(P13:P43) -> 0 | Q44: =SUM(Q13:Q43) -> 0 | R44: =SUM(R13:R43) -> 0 | S44: =SUM(S13:S43) -> 0 | T44: =SUM(T13:T43) -> 0 | U44: =SUM(U13:U43) -> 0 | ... BW44: =SUM(BW13:BW43) -> 0
A47: =A1 -> Name Surname | F47: =A13 -> 45717
A49: Project Number | B49: Project Name | D49: Project Time | H49: Hours
A50: =O11 -> Project Number 1 | B50: =O10 -> Project Name 1 | D50: =O44 -> 0 | H50: =D50*24 -> 0
A51: =R11 -> Project Number 2 | B51: =R10 -> Project Name 2 | D51: =R44 -> 0 | H51: =D51*24 -> 0
A52: =U11 -> Project Number 3 | B52: =U10 -> Project Name 3 | D52: =U44 -> 0 | H52: =D52*24 -> 0
A53: =X11 -> Project Number 4 | B53: =X10 -> Project Name 4 | D53: =X44 -> 0 | H53: =D53*24 -> 0
A54: =AA11 -> Project Number 5 | B54: =AA10 -> Project Name 5 | D54: =AA44 -> 0 | H54: =D54*24 -> 0
A55: =AD11 -> Project Number 6 | B55: =AD10 -> Project Name 6 | D55: =AD44 -> 0 | H55: =D55*24 -> 0
A56: =AG11 -> Project Number 7 | B56: =AG10 -> Project Name 7 | D56: =AG44 -> 0 | H56: =D56*24 -> 0
A57: =AJ11 -> Project Number 8 | B57: =AJ10 -> Project Name 8 | D57: =AJ44 -> 0 | H57: =D57*24 -> 0
A58: =AM11 -> Project Number 9 | B58: =AM10 -> Project Name 9 | D58: =AM44 -> 0 | H58: =D58*24 -> 0
A59: =AP11 -> Project Number 10 | B59: =AP10 -> Project Name 10 | D59: =AP44 -> 0 | H59: =D59*24 -> 0
A60: =AS11 -> Project Number 11 | B60: =AS10 -> Project Name 11 | D60: =AS44 -> 0 | H60: =D60*24 -> 0
A61: =AV11 -> Project Number 12 | B61: =AV10 -> Project Name 12 | D61: =AV44 -> 0 | H61: =D61*24 -> 0
A62: =AY11 -> Project Number 13 | B62: =AY10 -> Project Name 13 | D62: =AY44 -> 0 | H62: =D62*24 -> 0
A63: =BB11 -> Project Number 14 | B63: =BB10 -> Project Name 14 | D63: =BB44 -> 0 | H63: =D63*24 -> 0
A64: =BE11 -> Project Number 15 | B64: =BE10 -> Project Name 15 | D64: =BE44 -> 0 | H64: =D64*24 -> 0
A65: =BH11 -> Project Number 16 | B65: =BH10 -> Project Name 16 | D65: =BH44 -> 0 | H65: =D65*24 -> 0
A66: =BK11 -> Project Number 17 | B66: =BK10 -> Project Name 17 | D66: =BK44 -> 0 | H66: =D66*24 -> 0
A67: =BN11 -> Project Number 18 | B67: =BN10 -> Project Name 18 | D67: =BN44 -> 0 | H67: =D67*24 -> 0
A68: =BQ11 -> Project Number 19 | B68: =BQ10 -> Project Name 19 | D68: =BQ44 -> 0 | H68: =D68*24 -> 0
A69: =BT11 -> Project Number 20 | B69: =BT10 -> Project Name 20 | D69: =BT44 -> 0 | H69: =D69*24 -> 0
A70: general acitvity | B70: general acitvity | D70: =N44 -> 0 | H70: =D70*24 -> 0
A71: overall results | D71: =D44 -> 0 | H71: =SUM(H50:I70) -> 0
A74: Monthly Result | E74: =H4 -> - | F74: =IF(I4>=0,I4,"Negative") -> 0
A76: overtime of the previous month | E76: =H6 -> + | F76: =I6 -> -1.6666667
A77: comp time or accounting | E77: =H7 -> - | F77: =I7 -> 0
A78: overtime overall result | E78: =H8 -> + | F78: =I8 -> -2.5
A79: Current outstanding holidays | E79: =H9 -> + | F79: =I9 -> 6.25
A80: spent holidays this month | F80: =I10 -> 0
A82: =A47 -> Name Surname | B82: Signature: __________________________

Sheet April
A1: =January!A1 -> Name Surname | C1: Target Time: | F1: =March!F1 -> 0.32083333
A2: =January!A2 -> Email | C2: Working hours billed: | F2: 0 | K2: =25/12 -> 2.0833333 | N2: 0.83333333
A3: =January!A3 -> Role
A4: =January!A4 -> Vienna | E4: Monthly Result | H4: =IF(I4>0,"+","-") -> - | I4: =BW43 -> 0
D5: overtime of the current month | H5: + | I5: =I4-N2 -> -0.83333333
A6: Status | D6: overtime of the previous month | H6: + | I6: =March!I8 -> -2.5
A7: sick = s | D7: comp time or accounting | H7: - | I7: 0
A8: comp time = c | D8: overtime overall result | H8: + | I8: =I5+I6-I7 -> -3.3333333
A9: holiday = h | D9: outstanding holidays | H9: =IF(I9>0,"+","-") -> + | I9: =March!I9+K2-I10 -> 8.3333333 | K9: =I9+((0+(0/60))/8) -> 8.3333333 | O9: Please fill in the Project Name and the Project Number for each Project you are working for
A10: no work day = n | D10: spent holidays | I10: 0 | M10: insert shortcut | N10: General Activity | O10: =March!O10 -> Project Name 1 | R10: =March!R10 -> Project Name 2 | U10: =March!U10 -> Project Name 3 | X10: =March!X10 -> Project Name 4 | AA10: =March!AA10 -> Project Name 5 | AD10: =March!AD10 -> Project Name 6 | AG10: =March!AG10 -> Project Name 7 | AJ10: =March!AJ10 -> Project Name 8 | AM10: =March!AM10 -> Project Name 9 | AP10: =March!AP10 -> Project Name 10 | AS10: =March!AS10 -> Project Name 11 | AV10: =March!AV10 -> Project Name 12 | AY10: =March!AY10 -> Project Name 13 | BB10: =March!BB10 -> Project Name 14 | BE10: =March!BE10 -> Project Name 15 | BH10: =March!BH10 -> Project Name 16 | BK10: =March!BK10 -> Project Name 17 | BN10: =March!BN10 -> Project Name 18 | BQ10: =March!BQ10 -> Project Name 19 | BT10: =March!BT10 -> Project Name 20
A11: Business Trip = b | M11: Status | N11: =March!N11 -> General Activity Name Surname | O11: =March!O11 -> Project Number 1 | P11: =March!P11 -> Interviews | Q11: =March!Q11 -> Database | R11: =March!R11 -> Project Number 2 | S11: =March!S11 -> Interviews | T11: =March!T11 -> Database | U11: =March!U11 -> Project Number 3 | ... BV11: =March!BV11 -> Database
A12: Date | B12: Start | C12: End | D12: Time | E12: Target | F12: Breaks | I12: +/- | J12: Accounting | K12: Control | M12: c/s/h/n/b | N12: Hours | O12: Project Total Hours | P12: Number | Q12: Hours | R12: Project Total Hours | S12: Number | T12: Hours | U12: Project Total Hours | V12: Number | W12: Hours | X12: Project Total Hours | Y12: Number | Z12: Hours | AA12: Project Total Hours | AB12: Number | AC12: Hours | AD12: Project Total Hours | AE12: Number | AF12: Hours | AG12: Project Total Hours | AH12: Number | AI12: Hours | AJ12: Project Total Hours | AK12: Number | AL12: Hours | AM12: Project Total Hours | AN12: Number | AO12: Hours | AP12: Project Total Hours | AQ12: Number | AR12: Hours | AS12: Project Total Hours | AT12: Number | AU12: Hours | AV12: Project Total Hours | AW12: Number | AX12: Hours | AY12: Project Total Hours | AZ12: Number | BA12: Hours | BB12: Project Total Hours | BC12: Number | BD12: Hours | BE12: Project Total Hours | BF12: Number | BG12: Hours | BH12: Project Total Hours | BI12: Number | BJ12: Hours | BK12: Project Total Hours | BL12: Number | BM12: Hours | BN12: Project Total Hours | BO12: Number | BP12: Hours | BQ12: Project Total Hours | BR12: Number | BS12: Hours | BT12: Project Total Hours | BU12: Number | BV12: Hours
A13: 45748 | B13: 0 | C13: 0 | D13: =C13-B13-G13-F13 -> 0 | E13: =IF(C13>0,$F$1,0) -> 0 | F13: 0 | H13: =IF(E13>D13,"-","+") -> + | I13: =IF(D13>E13,D13-E13,(IF(D13=E13,0,E13-D13))) -> 0 | J13: =N13+O13+R13+U13+X13+AA13+AD13+AG13+AJ13+AM13+AP13+AS13+AV13+AY13+BB13+BE13+BH13+BK13+BN13+BQ13+BT13 -> 0 | K13: =IF(D13=J13,"ok","check") -> ok | N13: =D13-(O13+R13+U13+X13+AA13+AD13+AG13+AJ13+AM13+AP13+AS13+AV13+AY13+BB13+BE13+BH13+BK13+BN13+BQ13+BT13) -> 0 | BW13: =D13-E13 -> 0
A14: 45749 | B14: 0 | C14: 0 | D14: =C14-B14-G14-F14 -> 0 | E14: =IF(C14>0,$F$1,0) -> 0 | F14: 0 | H14: =IF(E14>D14,"-","+") -> + | I14: =IF(D14>E14,D14-E14,(IF(D14=E14,0,E14-D14))) -> 0 | J14: =N14+O14+R14+U14+X14+AA14+AD14+AG14+AJ14+AM14+AP14+AS14+AV14+AY14+BB14+BE14+BH14+BK14+BN14+BQ14+BT14 -> 0 | K14: =IF(D14=J14,"ok","check") -> ok | N14: =D14-(O14+R14+U14+X14+AA14+AD14+AG14+AJ14+AM14+AP14+AS14+AV14+AY14+BB14+BE14+BH14+BK14+BN14+BQ14+BT14) -> 0 | BW14: =D14-E14 -> 0
A15: 45750 | B15: 0 | C15: 0 | D15: =C15-B15-G15-F15 -> 0 | E15: =IF(C15>0,$F$1,0) -> 0 | F15: 0 | H15: =IF(E15>D15,"-","+") -> + | I15: =IF(D15>E15,D15-E15,(IF(D15=E15,0,E15-D15))) -> 0 | J15: =N15+O15+R15+U15+X15+AA15+AD15+AG15+AJ15+AM15+AP15+AS15+AV15+AY15+BB15+BE15+BH15+BK15+BN15+BQ15+BT15 -> 0 | K15: =IF(D15=J15,"ok","check") -> ok | N15: =D15-(O15+R15+U15+X15+AA15+AD15+AG15+AJ15+AM15+AP15+AS15+AV15+AY15+BB15+BE15+BH15+BK15+BN15+BQ15+BT15) -> 0 | BW15: =D15-E15 -> 0
A16: 45751 | B16: 0 | C16: 0 | D16: =C16-B16-G16-F16 -> 0 | E16: =IF(C16>0,$F$1,0) -> 0 | F16: 0 | H16: =IF(E16>D16,"-","+") -> + | I16: =IF(D16>E16,D16-E16,(IF(D16=E16,0,E16-D16))) -> 0 | J16: =N16+O16+R16+U16+X16+AA16+AD16+AG16+AJ16+AM16+AP16+AS16+AV16+AY16+BB16+BE16+BH16+BK16+BN16+BQ16+BT16 -> 0 | K16: =IF(D16=J16,"ok","check") -> ok | N16: =D16-(O16+R16+U16+X16+AA16+AD16+AG16+AJ16+AM16+AP16+AS16+AV16+AY16+BB16+BE16+BH16+BK16+BN16+BQ16+BT16) -> 0 | BW16: =D16-E16 -> 0
A17: 45752 | B17: 0 | C17: 0 | D17: =C17-B17-G17-F17 -> 0 | E17: =IF(C17>0,$F$1,0) -> 0 | F17: 0 | H17: =IF(E17>D17,"-","+") -> + | I17: =IF(D17>E17,D17-E17,(IF(D17=E17,0,E17-D17))) -> 0 | J17: =N17+O17+R17+U17+X17+AA17+AD17+AG17+AJ17+AM17+AP17+AS17+AV17+AY17+BB17+BE17+BH17+BK17+BN17+BQ17+BT17 -> 0 | K17: =IF(D17=J17,"ok","check") -> ok | N17: =D17-(O17+R17+U17+X17+AA17+AD17+AG17+AJ17+AM17+AP17+AS17+AV17+AY17+BB17+BE17+BH17+BK17+BN17+BQ17+BT17) -> 0 | BW17: =D17-E17 -> 0
A18: 45753 | B18: 0 | C18: 0 | D18: =C18-B18-G18-F18 -> 0 | E18: =IF(C18>0,$F$1,0) -> 0 | F18: 0 | H18: =IF(E18>D18,"-","+") -> + | I18: =IF(D18>E18,D18-E18,(IF(D18=E18,0,E18-D18))) -> 0 | J18: =N18+O18+R18+U18+X18+AA18+AD18+AG18+AJ18+AM18+AP18+AS18+AV18+AY18+BB18+BE18+BH18+BK18+BN18+BQ18+BT18 -> 0 | K18: =IF(D18=J18,"ok","check") -> ok | N18: =D18-(O18+R18+U18+X18+AA18+AD18+AG18+AJ18+AM18+AP18+AS18+AV18+AY18+BB18+BE18+BH18+BK18+BN18+BQ18+BT18) -> 0 | BW18: =D18-E18 -> 0
A19: 45754 | B19: 0 | C19: 0 | D19: =C19-B19-G19-F19 -> 0 | E19: =IF(C19>0,$F$1,0) -> 0 | F19: 0 | H19: =IF(E19>D19,"-","+") -> + | I19: =IF(D19>E19,D19-E19,(IF(D19=E19,0,E19-D19))) -> 0 | J19: =N19+O19+R19+U19+X19+AA19+AD19+AG19+AJ19+AM19+AP19+AS19+AV19+AY19+BB19+BE19+BH19+BK19+BN19+BQ19+BT19 -> 0 | K19: =IF(D19=J19,"ok","check") -> ok | N19: =D19-(O19+R19+U19+X19+AA19+AD19+AG19+AJ19+AM19+AP19+AS19+AV19+AY19+BB19+BE19+BH19+BK19+BN19+BQ19+BT19) -> 0 | BW19: =D19-E19 -> 0
A20: 45755 | B20: 0 | C20: 0 | D20: =C20-B20-G20-F20 -> 0 | E20: =IF(C20>0,$F$1,0) -> 0 | F20: 0 | H20: =IF(E20>D20,"-","+") -> + | I20: =IF(D20>E20,D20-E20,(IF(D20=E20,0,E20-D20))) -> 0 | J20: =N20+O20+R20+U20+X20+AA20+AD20+AG20+AJ20+AM20+AP20+AS20+AV20+AY20+BB20+BE20+BH20+BK20+BN20+BQ20+BT20 -> 0 | K20: =IF(D20=J20,"ok","check") -> ok | N20: =D20-(O20+R20+U20+X20+AA20+AD20+AG20+AJ20+AM20+AP20+AS20+AV20+AY20+BB20+BE20+BH20+BK20+BN20+BQ20+BT20) -> 0 | BW20: =D20-E20 -> 0
A21: 45756 | B21: 0 | C21: 0 | D21: =C21-B21-G21-F21 -> 0 | E21: =IF(C21>0,$F$1,0) -> 0 | F21: 0 | H21: =IF(E21>D21,"-","+") -> + | I21: =IF(D21>E21,D21-E21,(IF(D21=E21,0,E21-D21))) -> 0 | J21: =N21+O21+R21+U21+X21+AA21+AD21+AG21+AJ21+AM21+AP21+AS21+AV21+AY21+BB21+BE21+BH21+BK21+BN21+BQ21+BT21 -> 0 | K21: =IF(D21=J21,"ok","check") -> ok | N21: =D21-(O21+R21+U21+X21+AA21+AD21+AG21+AJ21+AM21+AP21+AS21+AV21+AY21+BB21+BE21+BH21+BK21+BN21+BQ21+BT21) -> 0 | BW21: =D21-E21 -> 0
A22: 45757 | B22: 0 | C22: 0 | D22: =C22-B22-G22-F22 -> 0 | E22: =IF(C22>0,$F$1,0) -> 0 | F22: 0 | H22: =IF(E22>D22,"-","+") -> + | I22: =IF(D22>E22,D22-E22,(IF(D22=E22,0,E22-D22))) -> 0 | J22: =N22+O22+R22+U22+X22+AA22+AD22+AG22+AJ22+AM22+AP22+AS22+AV22+AY22+BB22+BE22+BH22+BK22+BN22+BQ22+BT22 -> 0 | K22: =IF(D22=J22,"ok","check") -> ok | N22: =D22-(O22+R22+U22+X22+AA22+AD22+AG22+AJ22+AM22+AP22+AS22+AV22+AY22+BB22+BE22+BH22+BK22+BN22+BQ22+BT22) -> 0 | BW22: =D22-E22 -> 0
A23: 45758 | B23: 0 | C23: 0 | D23: =C23-B23-G23-F23 -> 0 | E23: =IF(C23>0,$F$1,0) -> 0 | F23: 0 | H23: =IF(E23>D23,"-","+") -> + | I23: =IF(D23>E23,D23-E23,(IF(D23=E23,0,E23-D23))) -> 0 | J23: =N23+O23+R23+U23+X23+AA23+AD23+AG23+AJ23+AM23+AP23+AS23+AV23+AY23+BB23+BE23+BH23+BK23+BN23+BQ23+BT23 -> 0 | K23: =IF(D23=J23,"ok","check") -> ok | N23: =D23-(O23+R23+U23+X23+AA23+AD23+AG23+AJ23+AM23+AP23+AS23+AV23+AY23+BB23+BE23+BH23+BK23+BN23+BQ23+BT23) -> 0 | BW23: =D23-E23 -> 0
A24: 45759 | B24: 0 | C24: 0 | D24: =C24-B24-G24-F24 -> 0 | E24: =IF(C24>0,$F$1,0) -> 0 | F24: 0 | H24: =IF(E24>D24,"-","+") -> + | I24: =IF(D24>E24,D24-E24,(IF(D24=E24,0,E24-D24))) -> 0 | J24: =N24+O24+R24+U24+X24+AA24+AD24+AG24+AJ24+AM24+AP24+AS24+AV24+AY24+BB24+BE24+BH24+BK24+BN24+BQ24+BT24 -> 0 | K24: =IF(D24=J24,"ok","check") -> ok | N24: =D24-(O24+R24+U24+X24+AA24+AD24+AG24+AJ24+AM24+AP24+AS24+AV24+AY24+BB24+BE24+BH24+BK24+BN24+BQ24+BT24) -> 0 | BW24: =D24-E24 -> 0
... A42: 45777 | B42: 0 | C42: 0 | D42: =C42-B42-G42-F42 -> 0 | E42: =IF(C42>0,$F$1,0) -> 0 | F42: 0 | H42: =IF(E42>D42,"-","+") -> + | I42: =IF(D42>E42,D42-E42,(IF(D42=E42,0,E42-D42))) -> 0 | J42: =N42+O42+R42+U42+X42+AA42+AD42+AG42+AJ42+AM42+AP42+AS42+AV42+AY42+BB42+BE42+BH42+BK42+BN42+BQ42+BT42 -> 0 | K42: =IF(D42=J42,"ok","check") -> ok | N42: =D42-(O42+R42+U42+X42+AA42+AD42+AG42+AJ42+AM42+AP42+AS42+AV42+AY42+BB42+BE42+BH42+BK42+BN42+BQ42+BT42) -> 0 | BW42: =D42-E42 -> 0
A43: Total Time | D43: =SUM(D12:D42) -> 0 | E43: =SUM(E12:E42) -> 0 | H43: =IF(E43>D43,"-","+") -> + | I43: =IF(D43>E43,D43-E43,(IF(D43=E43,0,E43-D43))) -> 0 | J43: =SUM(J12:J42) -> 0 | K43: =IF(D43=J43,"ok","check") -> ok | N43: =SUM(N13:N42) -> 0 | O43: =SUM(O13:O42) -> 0 | P43: =SUM(P13:P42) -> 0 | Q43: =SUM(Q13:Q42) -> 0 | R43: =SUM(R13:R42) -> 0 | S43: =SUM(S13:S42) -> 0 | T43: =SUM(T13:T42) -> 0 | U43: =SUM(U13:U42) -> 0 | ... BW43: =SUM(BW13:BW42) -> 0
A46: =A1 -> Name Surname | F46: =A13 -> 45748
A48: Project Number | B48: Project Name | D48: Project Time | H48: Hours
A49: =O11 -> Project Number 1 | B49: =O10 -> Project Name 1 | D49: =O43 -> 0 | H49: =D49*24 -> 0
A50: =R11 -> Project Number 2 | B50: =R10 -> Project Name 2 | D50: =R43 -> 0 | H50: =D50*24 -> 0
A51: =U11 -> Project Number 3 | B51: =U10 -> Project Name 3 | D51: =U43 -> 0 | H51: =D51*24 -> 0
A52: =X11 -> Project Number 4 | B52: =X10 -> Project Name 4 | D52: =X43 -> 0 | H52: =D52*24 -> 0
A53: =AA11 -> Project Number 5 | B53: =AA10 -> Project Name 5 | D53: =AA43 -> 0 | H53: =D53*24 -> 0
A54: =AD11 -> Project Number 6 | B54: =AD10 -> Project Name 6 | D54: =AD43 -> 0 | H54: =D54*24 -> 0
A55: =AG11 -> Project Number 7 | B55: =AG10 -> Project Name 7 | D55: =AG43 -> 0 | H55: =D55*24 -> 0
A56: =AJ11 -> Project Number 8 | B56: =AJ10 -> Project Name 8 | D56: =AJ43 -> 0 | H56: =D56*24 -> 0
A57: =AM11 -> Project Number 9 | B57: =AM10 -> Project Name 9 | D57: =AM43 -> 0 | H57: =D57*24 -> 0
A58: =AP11 -> Project Number 10 | B58: =AP10 -> Project Name 10 | D58: =AP43 -> 0 | H58: =D58*24 -> 0
A59: =AS11 -> Project Number 11 | B59: =AS10 -> Project Name 11 | D59: =AS43 -> 0 | H59: =D59*24 -> 0
A60: =AV11 -> Project Number 12 | B60: =AV10 -> Project Name 12 | D60: =AV43 -> 0 | H60: =D60*24 -> 0
A61: =AY11 -> Project Number 13 | B61: =AY10 -> Project Name 13 | D61: =AY43 -> 0 | H61: =D61*24 -> 0
A62: =BB11 -> Project Number 14 | B62: =BB10 -> Project Name 14 | D62: =BB43 -> 0 | H62: =D62*24 -> 0
A63: =BE11 -> Project Number 15 | B63: =BE10 -> Project Name 15 | D63: =BE43 -> 0 | H63: =D63*24 -> 0
A64: =BH11 -> Project Number 16 | B64: =BH10 -> Project Name 16 | D64: =BH43 -> 0 | H64: =D64*24 -> 0
A65: =BK11 -> Project Number 17 | B65: =BK10 -> Project Name 17 | D65: =BK43 -> 0 | H65: =D65*24 -> 0
A66: =BN11 -> Project Number 18 | B66: =BN10 -> Project Name 18 | D66: =BN43 -> 0 | H66: =D66*24 -> 0
A67: =BQ11 -> Project Number 19 | B67: =BQ10 -> Project Name 19 | D67: =BQ43 -> 0 | H67: =D67*24 -> 0
A68: =BT11 -> Project Number 20 | B68: =BT10 -> Project Name 20 | D68: =BT43 -> 0 | H68: =D68*24 -> 0
A69: general acitvity | B69: general acitvity | D69: =N43 -> 0 | H69: =D69*24 -> 0
A70: overall results | D70: =D43 -> 0 | H70: =SUM(H49:I69) -> 0
A73: Monthly Result | E73: =H4 -> - | F73: =IF(I4>=0,I4,"Negative") -> 0
A75: Carried over of the previous month | E75: =H6 -> + | F75: =I6 -> -2.5
A76: overtime of the previous month | E76: =H7 -> - | F76: =I7 -> 0
A77: overall result: | E77: =H8 -> + | F77: =I8 -> -3.3333333
A78: overtime overall result | E78: =H9 -> + | F78: =I9 -> 8.3333333
A79: Current outstanding holidays | F79: =I10 -> 0
A80: spent holidays this month
A81: =A46 -> Name Surname | B81: Signature: __________________________

Sheet May
A1: =April!A1 -> Name Surname | C1: Target Time: | F1: =April!F1 -> 0.32083333
A2: =April!A2 -> Email | C2: Working hours billed: | F2: 0 | K2: =25/12 -> 2.0833333 | N2: 0.83333333
A3: =April!A3 -> Role
A4: =April!A4 -> Vienna | E4: Monthly Result | H4: =IF(I4>0,"+","-") -> - | I4: =BW44 -> 0
D5: overtime of the current month | H5: + | I5: =I4-N2 -> -0.83333333
A6: Status | D6: overtime of the previous month | H6: + | I6: =April!I8 -> -3.3333333
A7: sick = s | D7: comp time or accounting | H7: - | I7: 0
A8: comp time = c | D8: overtime overall result | H8: + | I8: =I5+I6-I7 -> -4.1666667
A9: holiday = h | D9: outstanding holidays | H9: =IF(I9>0,"+","-") -> + | I9: =April!I9+K2-I10 -> 10.416667 | K9: =I9+((0+(0/60))/8) -> 10.416667 | O9: Please fill in the Project Name and the Project Number for each Project you are working for
A10: no work day = n | D10: spent holidays | I10: 0 | M10: insert shortcut | N10: General Activity | O10: =April!O10 -> Project Name 1 | R10: =April!R10 -> Project Name 2 | U10: =April!U10 -> Project Name 3 | X10: =April!X10 -> Project Name 4 | AA10: =April!AA10 -> Project Name 5 | AD10: =April!AD10 -> Project Name 6 | AG10: =April!AG10 -> Project Name 7 | AJ10: =April!AJ10 -> Project Name 8 | AM10: =April!AM10 -> Project Name 9 | AP10: =April!AP10 -> Project Name 10 | AS10: =April!AS10 -> Project Name 11 | AV10: =April!AV10 -> Project Name 12 | AY10: =April!AY10 -> Project Name 13 | BB10: =April!BB10 -> Project Name 14 | BE10: =April!BE10 -> Project Name 15 | BH10: =April!BH10 -> Project Name 16 | BK10: =April!BK10 -> Project Name 17 | BN10: =April!BN10 -> Project Name 18 | BQ10: =April!BQ10 -> Project Name 19 | BT10: =April!BT10 -> Project Name 20
A11: Business Trip = b | M11: Status | N11: =April!N11 -> General Activity Name Surname | O11: =April!O11 -> Project Number 1 | P11: =April!P11 -> Interviews | Q11: =April!Q11 -> Database | R11: =April!R11 -> Project Number 2 | S11: =April!S11 -> Interviews | T11: =April!T11 -> Database | U11: =April!U11 -> Project Number 3 | ... BV11: =April!BV11 -> Database
A12: Date | B12: Start | C12: End | D12: Time | E12: Target | F12: Breaks | I12: +/- | J12: Accounting | K12: Control | M12: c/s/h/n/b | N12: Hours | O12: Project Total Hours | P12: Number | Q12: Hours | R12: Project Total Hours | S12: Number | T12: Hours | U12: Project Total Hours | V12: Number | W12: Hours | X12: Project Total Hours | Y12: Number | Z12: Hours | AA12: Project Total Hours | AB12: Number | AC12: Hours | AD12: Project Total Hours | AE12: Number | AF12: Hours | AG12: Project Total Hours | AH12: Number | AI12: Hours | AJ12: Project Total Hours | AK12: Number | AL12: Hours | AM12: Project Total Hours | AN12: Number | AO12: Hours | AP12: Project Total Hours | AQ12: Number | AR12: Hours | AS12: Project Total Hours | AT12: Number | AU12: Hours | AV12: Project Total Hours | AW12: Number | AX12: Hours | AY12: Project Total Hours | AZ12: Number | BA12: Hours | BB12: Project Total Hours | BC12: Number | BD12: Hours | BE12: Project Total Hours | BF12: Number | BG12: Hours | BH12: Project Total Hours | BI12: Number | BJ12: Hours | BK12: Project Total Hours | BL12: Number | BM12: Hours | BN12: Project Total Hours | BO12: Number | BP12: Hours | BQ12: Project Total Hours | BR12: Number | BS12: Hours | BT12: Project Total Hours | BU12: Number | BV12: Hours
A13: 45778 | B13: 0 | C13: 0 | D13: =C13-B13-G13-F13 -> 0 | E13: =IF(C13>0,$F$1,0) -> 0 | F13: 0 | H13: =IF(E13>D13,"-","+") -> + | I13: =IF(D13>E13,D13-E13,(IF(D13=E13,0,E13-D13))) -> 0 | J13: =N13+O13+R13+U13+X13+AA13+AD13+AG13+AJ13+AM13+AP13+AS13+AV13+AY13+BB13+BE13+BH13+BK13+BN13+BQ13+BT13 -> 0 | K13: =IF(D13=J13,"ok","check") -> ok | N13: =D13-(O13+R13+U13+X13+AA13+AD13+AG13+AJ13+AM13+AP13+AS13+AV13+AY13+BB13+BE13+BH13+BK13+BN13+BQ13+BT13) -> 0 | BW13: =D13-E13 -> 0
A14: 45779 | B14: 0 | C14: 0 | D14: =C14-B14-G14-F14 -> 0 | E14: =IF(C14>0,$F$1,0) -> 0 | F14: 0 | H14: =IF(E14>D14,"-","+") -> + | I14: =IF(D14>E14,D14-E14,(IF(D14=E14,0,E14-D14))) -> 0 | J14: =N14+O14+R14+U14+X14+AA14+AD14+AG14+AJ14+AM14+AP14+AS14+AV14+AY14+BB14+BE14+BH14+BK14+BN14+BQ14+BT14 -> 0 | K14: =IF(D14=J14,"ok","check") -> ok | N14: =D14-(O14+R14+U14+X14+AA14+AD14+AG14+AJ14+AM14+AP14+AS14+AV14+AY14+BB14+BE14+BH14+BK14+BN14+BQ14+BT14) -> 0 | BW14: =D14-E14 -> 0
A15: 45780 | B15: 0 | C15: 0 | D15: =C15-B15-G15-F15 -> 0 | E15: =IF(C15>0,$F$1,0) -> 0 | F15: 0 | H15: =IF(E15>D15,"-","+") -> + | I15: =IF(D15>E15,D15-E15,(IF(D15=E15,0,E15-D15))) -> 0 | J15: =N15+O15+R15+U15+X15+AA15+AD15+AG15+AJ15+AM15+AP15+AS15+AV15+AY15+BB15+BE15+BH15+BK15+BN15+BQ15+BT15 -> 0 | K15: =IF(D15=J15,"ok","check") -> ok | N15: =D15-(O15+R15+U15+X15+AA15+AD15+AG15+AJ15+AM15+AP15+AS15+AV15+AY15+BB15+BE15+BH15+BK15+BN15+BQ15+BT15) -> 0 | BW15: =D15-E15 -> 0
A16: 45781 | B16: 0 | C16: 0 | D16: =C16-B16-G16-F16 -> 0 | E16: =IF(C16>0,$F$1,0) -> 0 | F16: 0 | H16: =IF(E16>D16,"-","+") -> + | I16: =IF(D16>E16,D16-E16,(IF(D16=E16,0,E16-D16))) -> 0 | J16: =N16+O16+R16+U16+X16+AA16+AD16+AG16+AJ16+AM16+AP16+AS16+AV16+AY16+BB16+BE16+BH16+BK16+BN16+BQ16+BT16 -> 0 | K16: =IF(D16=J16,"ok","check") -> ok | N16: =D16-(O16+R16+U16+X16+AA16+AD16+AG16+AJ16+AM16+AP16+AS16+AV16+AY16+BB16+BE16+BH16+BK16+BN16+BQ16+BT16) -> 0 | BW16: =D16-E16 -> 0
A17: 45782 | B17: 0 | C17: 0 | D17: =C17-B17-G17-F17 -> 0 | E17: =IF(C17>0,$F$1,0) -> 0 | F17: 0 | H17: =IF(E17>D17,"-","+") -> + | I17: =IF(D17>E17,D17-E17,(IF(D17=E17,0,E17-D17))) -> 0 | J17: =N17+O17+R17+U17+X17+AA17+AD17+AG17+AJ17+AM17+AP17+AS17+AV17+AY17+BB17+BE17+BH17+BK17+BN17+BQ17+BT17 -> 0 | K17: =IF(D17=J17,"ok","check") -> ok | N17: =D17-(O17+R17+U17+X17+AA17+AD17+AG17+AJ17+AM17+AP17+AS17+AV17+AY17+BB17+BE17+BH17+BK17+BN17+BQ17+BT17) -> 0 | BW17: =D17-E17 -> 0
A18: 45783 | B18: 0 | C18: 0 | D18: =C18-B18-G18-F18 -> 0 | E18: =IF(C18>0,$F$1,0) -> 0 | F18: 0 | H18: =IF(E18>D18,"-","+") -> + | I18: =IF(D18>E18,D18-E18,(IF(D18=E18,0,E18-D18))) -> 0 | J18: =N18+O18+R18+U18+X18+AA18+AD18+AG18+AJ18+AM18+AP18+AS18+AV18+AY18+BB18+BE18+BH18+BK18+BN18+BQ18+BT18 -> 0 | K18: =IF(D18=J18,"ok","check") -> ok | N18: =D18-(O18+R18+U18+X18+AA18+AD18+AG18+AJ18+AM18+AP18+AS18+AV18+AY18+BB18+BE18+BH18+BK18+BN18+BQ18+BT18) -> 0 | BW18: =D18-E18 -> 0
A19: 45784 | B19: 0 | C19: 0 | D19: =C19-B19-G19-F19 -> 0 | E19: =IF(C19>0,$F$1,0) -> 0 | F19: 0 | H19: =IF(E19>D19,"-","+") -> + | I19: =IF(D19>E19,D19-E19,(IF(D19=E19,0,E19-D19))) -> 0 | J19: =N19+O19+R19+U19+X19+AA19+AD19+AG19+AJ19+AM19+AP19+AS19+AV19+AY19+BB19+BE19+BH19+BK19+BN19+BQ19+BT19 -> 0 | K19: =IF(D19=J19,"ok","check") -> ok | N19: =D19-(O19+R19+U19+X19+AA19+AD19+AG19+AJ19+AM19+AP19+AS19+AV19+AY19+BB19+BE19+BH19+BK19+BN19+BQ19+BT19) -> 0 | BW19: =D19-E19 -> 0
A20: 45785 | B20: 0 | C20: 0 | D20: =C20-B20-G20-F20 -> 0 | E20: =IF(C20>0,$F$1,0) -> 0 | F20: 0 | H20: =IF(E20>D20,"-","+") -> + | I20: =IF(D20>E20,D20-E20,(IF(D20=E20,0,E20-D20))) -> 0 | J20: =N20+O20+R20+U20+X20+AA20+AD20+AG20+AJ20+AM20+AP20+AS20+AV20+AY20+BB20+BE20+BH20+BK20+BN20+BQ20+BT20 -> 0 | K20: =IF(D20=J20,"ok","check") -> ok | N20: =D20-(O20+R20+U20+X20+AA20+AD20+AG20+AJ20+AM20+AP20+AS20+AV20+AY20+BB20+BE20+BH20+BK20+BN20+BQ20+BT20) -> 0 | BW20: =D20-E20 -> 0
A21: 45786 | B21: 0 | C21: 0 | D21: =C21-B21-G21-F21 -> 0 | E21: =IF(C21>0,$F$1,0) -> 0 | F21: 0 | H21: =IF(E21>D21,"-","+") -> + | I21: =IF(D21>E21,D21-E21,(IF(D21=E21,0,E21-D21))) -> 0 | J21: =N21+O21+R21+U21+X21+AA21+AD21+AG21+AJ21+AM21+AP21+AS21+AV21+AY21+BB21+BE21+BH21+BK21+BN21+BQ21+BT21 -> 0 | K21: =IF(D21=J21,"ok","check") -> ok | N21: =D21-(O21+R21+U21+X21+AA21+AD21+AG21+AJ21+AM21+AP21+AS21+AV21+AY21+BB21+BE21+BH21+BK21+BN21+BQ21+BT21) -> 0 | BW21: =D21-E21 -> 0
A22: 45787 | B22: 0 | C22: 0 | D22: =C22-B22-G22-F22 -> 0 | E22: =IF(C22>0,$F$1,0) -> 0 | F22: 0 | H22: =IF(E22>D22,"-","+") -> + | I22: =IF(D22>E22,D22-E22,(IF(D22=E22,0,E22-D22))) -> 0 | J22: =N22+O22+R22+U22+X22+AA22+AD22+AG22+AJ22+AM22+AP22+AS22+AV22+AY22+BB22+BE22+BH22+BK22+BN22+BQ22+BT22 -> 0 | K22: =IF(D22=J22,"ok","check") -> ok | N22: =D22-(O22+R22+U22+X22+AA22+AD22+AG22+AJ22+AM22+AP22+AS22+AV22+AY22+BB22+BE22+BH22+BK22+BN22+BQ22+BT22) -> 0 | BW22: =D22-E22 -> 0
A23: 45788 | B23: 0 | C23: 0 | D23: =C23-B23-G23-F23 -> 0 | E23: =IF(C23>0,$F$1,0) -> 0 | F23: 0 | H23: =IF(E23>D23,"-","+") -> + | I23: =IF(D23>E23,D23-E23,(IF(D23=E23,0,E23-D23))) -> 0 | J23: =N23+O23+R23+U23+X23+AA23+AD23+AG23+AJ23+AM23+AP23+AS23+AV23+AY23+BB23+BE23+BH23+BK23+BN23+BQ23+BT23 -> 0 | K23: =IF(D23=J23,"ok","check") -> ok | N23: =D23-(O23+R23+U23+X23+AA23+AD23+AG23+AJ23+AM23+AP23+AS23+AV23+AY23+BB23+BE23+BH23+BK23+BN23+BQ23+BT23) -> 0 | BW23: =D23-E23 -> 0
A24: 45789 | B24: 0 | C24: 0 | D24: =C24-B24-G24-F24 -> 0 | E24: =IF(C24>0,$F$1,0) -> 0 | F24: 0 | H24: =IF(E24>D24,"-","+") -> + | I24: =IF(D24>E24,D24-E24,(IF(D24=E24,0,E24-D24))) -> 0 | J24: =N24+O24+R24+U24+X24+AA24+AD24+AG24+AJ24+AM24+AP24+AS24+AV24+AY24+BB24+BE24+BH24+BK24+BN24+BQ24+BT24 -> 0 | K24: =IF(D24=J24,"ok","check") -> ok | N24: =D24-(O24+R24+U24+X24+AA24+AD24+AG24+AJ24+AM24+AP24+AS24+AV24+AY24+BB24+BE24+BH24+BK24+BN24+BQ24+BT24) -> 0 | BW24: =D24-E24 -> 0
... A43: 45808 | B43: 0 | C43: 0 | D43: =C43-B43-G43-F43 -> 0 | E43: =IF(C43>0,$F$1,0) -> 0 | F43: 0 | H43: =IF(E43>D43,"-","+") -> + | I43: =IF(D43>E43,D43-E43,(IF(D43=E43,0,E43-D43))) -> 0 | J43: =N43+O43+R43+U43+X43+AA43+AD43+AG43+AJ43+AM43+AP43+AS43+AV43+AY43+BB43+BE43+BH43+BK43+BN43+BQ43+BT43 -> 0 | K43: =IF(D43=J43,"ok","check") -> ok | N43: =D43-(O43+R43+U43+X43+AA43+AD43+AG43+AJ43+AM43+AP43+AS43+AV43+AY43+BB43+BE43+BH43+BK43+BN43+BQ43+BT43) -> 0 | BW43: =D43-E43 -> 0
A44: Total Time | D44: =SUM(D13:D43) -> 0 | E44: =SUM(E13:E43) -> 0 | H44: =IF(E44>D44,"-","+") -> + | I44: =IF(D44>E44,D44-E44,(IF(D44=E44,0,E44-D44))) -> 0 | J44: =SUM(J13:J43) -> 0 | K44: =IF(D44=J44,"ok","check") -> ok | N44: =SUM(N13:N43) -> 0 | O44: =SUM(O13:O43) -> 0 | P44: =SUM(P13:P43) -> 0 | Q44: =SUM(Q13:Q43) -> 0 | R44: =SUM(R13:R43) -> 0 | S44: =SUM(S13:S43) -> 0 | T44: =SUM(T13:T43) -> 0 | U44: =SUM(U13:U43) -> 0 | ... BW44: =SUM(BW13:BW43) -> 0
A47: =A1 -> Name Surname | F47: =A13 -> 45778
A49: Project Number | B49: Project Name | D49: Project Time | H49: Hours
A50: =O11 -> Project Number 1 | B50: =O10 -> Project Name 1 | D50: =O44 -> 0 | H50: =D50*24 -> 0
A51: =R11 -> Project Number 2 | B51: =R10 -> Project Name 2 | D51: =R44 -> 0 | H51: =D51*24 -> 0
A52: =U11 -> Project Number 3 | B52: =U10 -> Project Name 3 | D52: =U44 -> 0 | H52: =D52*24 -> 0
A53: =X11 -> Project Number 4 | B53: =X10 -> Project Name 4 | D53: =X44 -> 0 | H53: =D53*24 -> 0
A54: =AA11 -> Project Number 5 | B54: =AA10 -> Project Name 5 | D54: =AA44 -> 0 | H54: =D54*24 -> 0
A55: =AD11 -> Project Number 6 | B55: =AD10 -> Project Name 6 | D55: =AD44 -> 0 | H55: =D55*24 -> 0
A56: =AG11 -> Project Number 7 | B56: =AG10 -> Project Name 7 | D56: =AG44 -> 0 | H56: =D56*24 -> 0
A57: =AJ11 -> Project Number 8 | B57: =AJ10 -> Project Name 8 | D57: =AJ44 -> 0 | H57: =D57*24 -> 0
A58: =AM11 -> Project Number 9 | B58: =AM10 -> Project Name 9 | D58: =AM44 -> 0 | H58: =D58*24 -> 0
A59: =AP11 -> Project Number 10 | B59: =AP10 -> Project Name 10 | D59: =AP44 -> 0 | H59: =D59*24 -> 0
A60: =AS11 -> Project Number 11 | B60: =AS10 -> Project Name 11 | D60: =AS44 -> 0 | H60: =D60*24 -> 0
A61: =AV11 -> Project Number 12 | B61: =AV10 -> Project Name 12 | D61: =AV44 -> 0 | H61: =D61*24 -> 0
A62: =AY11 -> Project Number 13 | B62: =AY10 -> Project Name 13 | D62: =AY44 -> 0 | H62: =D62*24 -> 0
A63: =BB11 -> Project Number 14 | B63: =BB10 -> Project Name 14 | D63: =BB44 -> 0 | H63: =D63*24 -> 0
A64: =BE11 -> Project Number 15 | B64: =BE10 -> Project Name 15 | D64: =BE44 -> 0 | H64: =D64*24 -> 0
A65: =BH11 -> Project Number 16 | B65: =BH10 -> Project Name 16 | D65: =BH44 -> 0 | H65: =D65*24 -> 0
A66: =BK11 -> Project Number 17 | B66: =BK10 -> Project Name 17 | D66: =BK44 -> 0 | H66: =D66*24 -> 0
A67: =BN11 -> Project Number 18 | B67: =BN10 -> Project Name 18 | D67: =BN44 -> 0 | H67: =D67*24 -> 0
A68: =BQ11 -> Project Number 19 | B68: =BQ10 -> Project Name 19 | D68: =BQ44 -> 0 | H68: =D68*24 -> 0
A69: =BT11 -> Project Number 20 | B69: =BT10 -> Project Name 20 | D69: =BT44 -> 0 | H69: =D69*24 -> 0
A70: general acitvity | B70: general acitvity | D70: =N44 -> 0 | H70: =D70*24 -> 0
A71: overall results | D71: =D44 -> 0 | H71: =SUM(H50:I70) -> 0
A74: Monthly Result | E74: =H4 -> - | F74: =IF(I4>=0,I4,"Negative") -> 0
A76: overtime of the previous month | E76: =H6 -> + | F76: =I6 -> -3.3333333
A77: comp time or accounting | E77: =H7 -> - | F77: =I7 -> 0
A78: overtime overall result | E78: =H8 -> + | F78: =I8 -> -4.1666667
A79: Current outstanding holidays | E79: =H9 -> + | F79: =I9 -> 10.416667
A80: spent holidays this month | F80: =I10 -> 0
A82: =A47 -> Name Surname | B82: Signature: __________________________

Sheet June
A1: =May!A1 -> Name Surname | C1: Target Time: | F1: =May!F1 -> 0.32083333
A2: =May!A2 -> Email | C2: Working hours billed: | F2: 0 | K2: =25/12 -> 2.0833333 | N2: 0.83333333
A3: =May!A3 -> Role
A4: =May!A4 -> Vienna | E4: Monthly Result | H4: =IF(I4>0,"+","-") -> - | I4: =BW43 -> 0
D5: overtime of the current month | H5: + | I5: =I4-N2 -> -0.83333333
A6: Status | D6: overtime of the previous month | H6: + | I6: =May!I8 -> -4.1666667
A7: sick = s | D7: comp time or accounting | H7: - | I7: 0
A8: comp time = c | D8: overtime overall result | H8: + | I8: =I5+I6-I7 -> -5
A9: holiday = h | D9: outstanding holidays | H9: =IF(I9>0,"+","-") -> + | I9: =May!I9+K2-I10 -> 12.5 | K9: =I9+((0+(0/60))/8) -> 12.5 | O9: Please fill in the Project Name and the Project Number for each Project you are working for
A10: no work day = n | D10: spent holidays | I10: 0 | M10: insert shortcut | N10: General Activity | O10: =May!O10 -> Project Name 1 | R10: =May!R10 -> Project Name 2 | U10: =May!U10 -> Project Name 3 | X10: =May!X10 -> Project Name 4 | AA10: =May!AA10 -> Project Name 5 | AD10: =May!AD10 -> Project Name 6 | AG10: =May!AG10 -> Project Name 7 | AJ10: =May!AJ10 -> Project Name 8 | AM10: =May!AM10 -> Project Name 9 | AP10: =May!AP10 -> Project Name 10 | AS10: =May!AS10 -> Project Name 11 | AV10: =May!AV10 -> Project Name 12 | AY10: =May!AY10 -> Project Name 13 | BB10: =May!BB10 -> Project Name 14 | BE10: =May!BE10 -> Project Name 15 | BH10: =May!BH10 -> Project Name 16 | BK10: =May!BK10 -> Project Name 17 | BN10: =May!BN10 -> Project Name 18 | BQ10: =May!BQ10 -> Project Name 19 | BT10: =May!BT10 -> Project Name 20
A11: Business Trip = b | M11: Status | N11: =May!N11 -> General Activity Name Surname | O11: =May!O11 -> Project Number 1 | P11: =May!P11 -> Interviews | Q11: =May!Q11 -> Database | R11: =May!R11 -> Project Number 2 | S11: =May!S11 -> Interviews | T11: =May!T11 -> Database | U11: =May!U11 -> Project Number 3 | ... BV11: =May!BV11 -> Database
A12: Date | B12: Start | C12: End | D12: Time | E12: Target | F12: Breaks | I12: +/- | J12: Accounting | K12: Control | M12: c/s/h/n/b | N12: Hours | O12: Project Total Hours | P12: Number | Q12: Hours | R12: Project Total Hours | S12: Number | T12: Hours | U12: Project Total Hours | V12: Number | W12: Hours | X12: Project Total Hours | Y12: Number | Z12: Hours | AA12: Project Total Hours | AB12: Number | AC12: Hours | AD12: Project Total Hours | AE12: Number | AF12: Hours | AG12: Project Total Hours | AH12: Number | AI12: Hours | AJ12: Project Total Hours | AK12: Number | AL12: Hours | AM12: Project Total Hours | AN12: Number | AO12: Hours | AP12: Project Total Hours | AQ12: Number | AR12: Hours | AS12: Project Total Hours | AT12: Number | AU12: Hours | AV12: Project Total Hours | AW12: Number | AX12: Hours | AY12: Project Total Hours | AZ12: Number | BA12: Hours | BB12: Project Total Hours | BC12: Number | BD12: Hours | BE12: Project Total Hours | BF12: Number | BG12: Hours | BH12: Project Total Hours | BI12: Number | BJ12: Hours | BK12: Project Total Hours | BL12: Number | BM12: Hours | BN12: Project Total Hours | BO12: Number | BP12: Hours | BQ12: Project Total Hours | BR12: Number | BS12: Hours | BT12: Project Total Hours | BU12: Number | BV12: Hours
A13: 45809 | B13: 0 | C13: 0 | D13: =C13-B13-G13-F13 -> 0 | E13: =IF(C13>0,$F$1,0) -> 0 | F13: 0 | H13: =IF(E13>D13,"-","+") -> + | I13: =IF(D13>E13,D13-E13,(IF(D13=E13,0,E13-D13))) -> 0 | J13: =N13+O13+R13+U13+X13+AA13+AD13+AG13+AJ13+AM13+AP13+AS13+AV13+AY13+BB13+BE13+BH13+BK13+BN13+BQ13+BT13 -> 0 | K13: =IF(D13=J13,"ok","check") -> ok | N13: =D13-(O13+R13+U13+X13+AA13+AD13+AG13+AJ13+AM13+AP13+AS13+AV13+AY13+BB13+BE13+BH13+BK13+BN13+BQ13+BT13) -> 0 | BW13: =D13-E13 -> 0
A14: 45810 | B14: 0 | C14: 0 | D14: =C14-B14-G14-F14 -> 0 | E14: =IF(C14>0,$F$1,0) -> 0 | F14: 0 | H14: =IF(E14>D14,"-","+") -> + | I14: =IF(D14>E14,D14-E14,(IF(D14=E14,0,E14-D14))) -> 0 | J14: =N14+O14+R14+U14+X14+AA14+AD14+AG14+AJ14+AM14+AP14+AS14+AV14+AY14+BB14+BE14+BH14+BK14+BN14+BQ14+BT14 -> 0 | K14: =IF(D14=J14,"ok","check") -> ok | N14: =D14-(O14+R14+U14+X14+AA14+AD14+AG14+AJ14+AM14+AP14+AS14+AV14+AY14+BB14+BE14+BH14+BK14+BN14+BQ14+BT14) -> 0 | BW14: =D14-E14 -> 0
A15: 45811 | B15: 0 | C15: 0 | D15: =C15-B15-G15-F15 -> 0 | E15: =IF(C15>0,$F$1,0) -> 0 | F15: 0 | H15: =IF(E15>D15,"-","+") -> + | I15: =IF(D15>E15,D15-E15,(IF(D15=E15,0,E15-D15))) -> 0 | J15: =N15+O15+R15+U15+X15+AA15+AD15+AG15+AJ15+AM15+AP15+AS15+AV15+AY15+BB15+BE15+BH15+BK15+BN15+BQ15+BT15 -> 0 | K15: =IF(D15=J15,"ok","check") -> ok | N15: =D15-(O15+R15+U15+X15+AA15+AD15+AG15+AJ15+AM15+AP15+AS15+AV15+AY15+BB15+BE15+BH15+BK15+BN15+BQ15+BT15) -> 0 | BW15: =D15-E15 -> 0
A16: 45812 | B16: 0 | C16: 0 | D16: =C16-B16-G16-F16 -> 0 | E16: =IF(C16>0,$F$1,0) -> 0 | F16: 0 | H16: =IF(E16>D16,"-","+") -> + | I16: =IF(D16>E16,D16-E16,(IF(D16=E16,0,E16-D16))) -> 0 | J16: =N16+O16+R16+U16+X16+AA16+AD16+AG16+AJ16+AM16+AP16+AS16+AV16+AY16+BB16+BE16+BH16+BK16+BN16+BQ16+BT16 -> 0 | K16: =IF(D16=J16,"ok","check") -> ok | N16: =D16-(O16+R16+U16+X16+AA16+AD16+AG16+AJ16+AM16+AP16+AS16+AV16+AY16+BB16+BE16+BH16+BK16+BN16+BQ16+BT16) -> 0 | BW16: =D16-E16 -> 0
A17: 45813 | B17: 0 | C17: 0 | D17: =C17-B17-G17-F17 -> 0 | E17: =IF(C17>0,$F$1,0) -> 0 | F17: 0 | H17: =IF(E17>D17,"-","+") -> + | I17: =IF(D17>E17,D17-E17,(IF(D17=E17,0,E17-D17))) -> 0 | J17: =N17+O17+R17+U17+X17+AA17+AD17+AG17+AJ17+AM17+AP17+AS17+AV17+AY17+BB17+BE17+BH17+BK17+BN17+BQ17+BT17 -> 0 | K17: =IF(D17=J17,"ok","check") -> ok | N17: =D17-(O17+R17+U17+X17+AA17+AD17+AG17+AJ17+AM17+AP17+AS17+AV17+AY17+BB17+BE17+BH17+BK17+BN17+BQ17+BT17) -> 0 | BW17: =D17-E17 -> 0
A18: 45814 | B18: 0 | C18: 0 | D18: =C18-B18-G18-F18 -> 0 | E18: =IF(C18>0,$F$1,0) -> 0 | F18: 0 | H18: =IF(E18>D18,"-","+") -> + | I18: =IF(D18>E18,D18-E18,(IF(D18=E18,0,E18-D18))) -> 0 | J18: =N18+O18+R18+U18+X18+AA18+AD18+AG18+AJ18+AM18+AP18+AS18+AV18+AY18+BB18+BE18+BH18+BK18+BN18+BQ18+BT18 -> 0 | K18: =IF(D18=J18,"ok","check") -> ok | N18: =D18-(O18+R18+U18+X18+AA18+AD18+AG18+AJ18+AM18+AP18+AS18+AV18+AY18+BB18+BE18+BH18+BK18+BN18+BQ18+BT18) -> 0 | BW18: =D18-E18 -> 0
A19: 45815 | B19: 0 | C19: 0 | D19: =C19-B19-G19-F19 -> 0 | E19: =IF(C19>0,$F$1,0) -> 0 | F19: 0 | H19: =IF(E19>D19,"-","+") -> + | I19: =IF(D19>E19,D19-E19,(IF(D19=E19,0,E19-D19))) -> 0 | J19: =N19+O19+R19+U19+X19+AA19+AD19+AG19+AJ19+AM19+AP19+AS19+AV19+AY19+BB19+BE19+BH19+BK19+BN19+BQ19+BT19 -> 0 | K19: =IF(D19=J19,"ok","check") -> ok | N19: =D19-(O19+R19+U19+X19+AA19+AD19+AG19+AJ19+AM19+AP19+AS19+AV19+AY19+BB19+BE19+BH19+BK19+BN19+BQ19+BT19) -> 0 | BW19: =D19-E19 -> 0
A20: 45816 | B20: 0 | C20: 0 | D20: =C20-B20-G20-F20 -> 0 | E20: =IF(C20>0,$F$1,0) -> 0 | F20: 0 | H20: =IF(E20>D20,"-","+") -> + | I20: =IF(D20>E20,D20-E20,(IF(D20=E20,0,E20-D20))) -> 0 | J20: =N20+O20+R20+U20+X20+AA20+AD20+AG20+AJ20+AM20+AP20+AS20+AV20+AY20+BB20+BE20+BH20+BK20+BN20+BQ20+BT20 -> 0 | K20: =IF(D20=J20,"ok","check") -> ok | N20: =D20-(O20+R20+U20+X20+AA20+AD20+AG20+AJ20+AM20+AP20+AS20+AV20+AY20+BB20+BE20+BH20+BK20+BN20+BQ20+BT20) -> 0 | BW20: =D20-E20 -> 0
A21: 45817 | B21: 0 | C21: 0 | D21: =C21-B21-G21-F21 -> 0 | E21: =IF(C21>0,$F$1,0) -> 0 | F21: 0 | H21: =IF(E21>D21,"-","+") -> + | I21: =IF(D21>E21,D21-E21,(IF(D21=E21,0,E21-D21))) -> 0 | J21: =N21+O21+R21+U21+X21+AA21+AD21+AG21+AJ21+AM21+AP21+AS21+AV21+AY21+BB21+BE21+BH21+BK21+BN21+BQ21+BT21 -> 0 | K21: =IF(D21=J21,"ok","check") -> ok | N21: =D21-(O21+R21+U21+X21+AA21+AD21+AG21+AJ21+AM21+AP21+AS21+AV21+AY21+BB21+BE21+BH21+BK21+BN21+BQ21+BT21) -> 0 | BW21: =D21-E21 -> 0
A22: 45818 | B22: 0 | C22: 0 | D22: =C22-B22-G22-F22 -> 0 | E22: =IF(C22>0,$F$1,0) -> 0 | F22: 0 | H22: =IF(E22>D22,"-","+") -> + | I22: =IF(D22>E22,D22-E22,(IF(D22=E22,0,E22-D22))) -> 0 | J22: =N22+O22+R22+U22+X22+AA22+AD22+AG22+AJ22+AM22+AP22+AS22+AV22+AY22+BB22+BE22+BH22+BK22+BN22+BQ22+BT22 -> 0 | K22: =IF(D22=J22,"ok","check") -> ok | N22: =D22-(O22+R22+U22+X22+AA22+AD22+AG22+AJ22+AM22+AP22+AS22+AV22+AY22+BB22+BE22+BH22+BK22+BN22+BQ22+BT22) -> 0 | BW22: =D22-E22 -> 0
A23: 45819 | B23: 0 | C23: 0 | D23: =C23-B23-G23-F23 -> 0 | E23: =IF(C23>0,$F$1,0) -> 0 | F23: 0 | H23: =IF(E23>D23,"-","+") -> + | I23: =IF(D23>E23,D23-E23,(IF(D23=E23,0,E23-D23))) -> 0 | J23: =N23+O23+R23+U23+X23+AA23+AD23+AG23+AJ23+AM23+AP23+AS23+AV23+AY23+BB23+BE23+BH23+BK23+BN23+BQ23+BT23 -> 0 | K23: =IF(D23=J23,"ok","check") -> ok | N23: =D23-(O23+R23+U23+X23+AA23+AD23+AG23+AJ23+AM23+AP23+AS23+AV23+AY23+BB23+BE23+BH23+BK23+BN23+BQ23+BT23) -> 0 | BW23: =D23-E23 -> 0
A24: 45820 | B24: 0 | C24: 0 | D24: =C24-B24-G24-F24 -> 0 | E24: =IF(C24>0,$F$1,0) -> 0 | F24: 0 | H24: =IF(E24>D24,"-","+") -> + | I24: =IF(D24>E24,D24-E24,(IF(D24=E24,0,E24-D24))) -> 0 | J24: =N24+O24+R24+U24+X24+AA24+AD24+AG24+AJ24+AM24+AP24+AS24+AV24+AY24+BB24+BE24+BH24+BK24+BN24+BQ24+BT24 -> 0 | K24: =IF(D24=J24,"ok","check") -> ok | N24: =D24-(O24+R24+U24+X24+AA24+AD24+AG24+AJ24+AM24+AP24+AS24+AV24+AY24+BB24+BE24+BH24+BK24+BN24+BQ24+BT24) -> 0 | BW24: =D24-E24 -> 0
... A42: 45838 | B42: 0 | C42: 0 | D42: =C42-B42-G42-F42 -> 0 | E42: =IF(C42>0,$F$1,0) -> 0 | F42: 0 | H42: =IF(E42>D42,"-","+") -> + | I42: =IF(D42>E42,D42-E42,(IF(D42=E42,0,E42-D42))) -> 0 | J42: =N42+O42+R42+U42+X42+AA42+AD42+AG42+AJ42+AM42+AP42+AS42+AV42+AY42+BB42+BE42+BH42+BK42+BN42+BQ42+BT42 -> 0 | K42: =IF(D42=J42,"ok","check") -> ok | N42: =D42-(O42+R42+U42+X42+AA42+AD42+AG42+AJ42+AM42+AP42+AS42+AV42+AY42+BB42+BE42+BH42+BK42+BN42+BQ42+BT42) -> 0 | BW42: =D42-E42 -> 0
A43: Total Time | D43: =SUM(D12:D42) -> 0 | E43: =SUM(E12:E42) -> 0 | H43: =IF(E43>D43,"-","+") -> + | I43: =IF(D43>E43,D43-E43,(IF(D43=E43,0,E43-D43))) -> 0 | J43: =SUM(J12:J42) -> 0 | K43: =IF(D43=J43,"ok","check") -> ok | N43: =SUM(N13:N42) -> 0 | O43: =SUM(O13:O42) -> 0 | P43: =SUM(P13:P42) -> 0 | Q43: =SUM(Q13:Q42) -> 0 | R43: =SUM(R13:R42) -> 0 | S43: =SUM(S13:S42) -> 0 | T43: =SUM(T13:T42) -> 0 | U43: =SUM(U13:U42) -> 0 | ... BW43: =SUM(BW13:BW42) -> 0
A46: =A1 -> Name Surname | F46: =A13 -> 45809
A48: Project Number | B48: Project Name | D48: Project Time | H48: Hours
A49: =O11 -> Project Number 1 | B49: =O10 -> Project Name 1 | D49: =O43 -> 0 | H49: =D49*24 -> 0
A50: =R11 -> Project Number 2 | B50: =R10 -> Project Name 2 | D50: =R43 -> 0 | H50: =D50*24 -> 0
A51: =U11 -> Project Number 3 | B51: =U10 -> Project Name 3 | D51: =U43 -> 0 | H51: =D51*24 -> 0
A52: =X11 -> Project Number 4 | B52: =X10 -> Project Name 4 | D52: =X43 -> 0 | H52: =D52*24 -> 0
A53: =AA11 -> Project Number 5 | B53: =AA10 -> Project Name 5 | D53: =AA43 -> 0 | H53: =D53*24 -> 0
A54: =AD11 -> Project Number 6 | B54: =AD10 -> Project Name 6 | D54: =AD43 -> 0 | H54: =D54*24 -> 0
A55: =AG11 -> Project Number 7 | B55: =AG10 -> Project Name 7 | D55: =AG43 -> 0 | H55: =D55*24 -> 0
A56: =AJ11 -> Project Number 8 | B56: =AJ10 -> Project Name 8 | D56: =AJ43 -> 0 | H56: =D56*24 -> 0
A57: =AM11 -> Project Number 9 | B57: =AM10 -> Project Name 9 | D57: =AM43 -> 0 | H57: =D57*24 -> 0
A58: =AP11 -> Project Number 10 | B58: =AP10 -> Project Name 10 | D58: =AP43 -> 0 | H58: =D58*24 -> 0
A59: =AS11 -> Project Number 11 | B59: =AS10 -> Project Name 11 | D59: =AS43 -> 0 | H59: =D59*24 -> 0
A60: =AV11 -> Project Number 12 | B60: =AV10 -> Project Name 12 | D60: =AV43 -> 0 | H60: =D60*24 -> 0
A61: =AY11 -> Project Number 13 | B61: =AY10 -> Project Name 13 | D61: =AY43 -> 0 | H61: =D61*24 -> 0
A62: =BB11 -> Project Number 14 | B62: =BB10 -> Project Name 14 | D62: =BB43 -> 0 | H62: =D62*24 -> 0
A63: =BE11 -> Project Number 15 | B63: =BE10 -> Project Name 15 | D63: =BE43 -> 0 | H63: =D63*24 -> 0
A64: =BH11 -> Project Number 16 | B64: =BH10 -> Project Name 16 | D64: =BH43 -> 0 | H64: =D64*24 -> 0
A65: =BK11 -> Project Number 17 | B65: =BK10 -> Project Name 17 | D65: =BK43 -> 0 | H65: =D65*24 -> 0
A66: =BN11 -> Project Number 18 | B66: =BN10 -> Project Name 18 | D66: =BN43 -> 0 | H66: =D66*24 -> 0
A67: =BQ11 -> Project Number 19 | B67: =BQ10 -> Project Name 19 | D67: =BQ43 -> 0 | H67: =D67*24 -> 0
A68: =BT11 -> Project Number 20 | B68: =BT10 -> Project Name 20 | D68: =BT43 -> 0 | H68: =D68*24 -> 0
A69: general acitvity | B69: general acitvity | D69: =N43 -> 0 | H69: =D69*24 -> 0
A70: overall results | D70: =D43 -> 0 | H70: =SUM(H49:I69) -> 0
A73: Monthly Result | E73: =H4 -> - | F73: =IF(I4>=0,I4,"Negative") -> 0
A75: Carried over of the previous month | E75: =H6 -> + | F75: =I6 -> -4.1666667
A76: overtime of the previous month | E76: =H7 -> - | F76: =I7 -> 0
A77: overall result: | E77: =H8 -> + | F77: =I8 -> -5
A78: overtime overall result | E78: =H9 -> + | F78: =I9 -> 12.5
A79: Current outstanding holidays | F79: =I10 -> 0
A80: spent holidays this month
A81: =A46 -> Name Surname | B81: Signature: __________________________

Sheet July
A1: =June!A1 -> Name Surname | C1: Target Time: | F1: =June!F1 -> 0.32083333
A2: =June!A2 -> Email | C2: Working hours billed: | F2: 0 | K2: =25/12 -> 2.0833333 | N2: 0.83333333
A3: =June!A3 -> Role
A4: =June!A4 -> Vienna | E4: Monthly Result | H4: =IF(I4>0,"+","-") -> - | I4: =BW44 -> 0
D5: overtime of the current month | H5: + | I5: =I4-N2 -> -0.83333333
A6: Status | D6: overtime of the previous month | H6: + | I6: =June!I8 -> -5
A7: sick = s | D7: comp time or accounting | H7: - | I7: 0
A8: comp time = c | D8: overtime overall result | H8: + | I8: =I5+I6-I7 -> -5.8333333
A9: holiday = h | D9: outstanding holidays | H9: =IF(I9>0,"+","-") -> + | I9: =June!I9+K2-I10 -> 14.583333 | K9: =I9+((0+(0/60))/8) -> 14.583333 | O9: Please fill in the Project Name and the Project Number for each Project you are working for
A10: no work day = n | D10: spent holidays | I10: 0 | M10: insert shortcut | N10: General Activity | O10: =June!O10 -> Project Name 1 | R10: =June!R10 -> Project Name 2 | U10: =June!U10 -> Project Name 3 | X10: =June!X10 -> Project Name 4 | AA10: =June!AA10 -> Project Name 5 | AD10: =June!AD10 -> Project Name 6 | AG10: =June!AG10 -> Project Name 7 | AJ10: =June!AJ10 -> Project Name 8 | AM10: =June!AM10 -> Project Name 9 | AP10: =June!AP10 -> Project Name 10 | AS10: =June!AS10 -> Project Name 11 | AV10: =June!AV10 -> Project Name 12 | AY10: =June!AY10 -> Project Name 13 | BB10: =June!BB10 -> Project Name 14 | BE10: =June!BE10 -> Project Name 15 | BH10: =June!BH10 -> Project Name 16 | BK10: =June!BK10 -> Project Name 17 | BN10: =June!BN10 -> Project Name 18 | BQ10: =June!BQ10 -> Project Name 19 | BT10: =June!BT10 -> Project Name 20
A11: Business Trip = b | M11: Status | N11: =June!N11 -> General Activity Name Surname | O11: =June!O11 -> Project Number 1 | P11: =June!P11 -> Interviews | Q11: =June!Q11 -> Database | R11: =June!R11 -> Project Number 2 | S11: =June!S11 -> Interviews | T11: =June!T11 -> Database | U11: =June!U11 -> Project Number 3 | ... BV11: =June!BV11 -> Database
A12: Date | B12: Start | C12: End | D12: Time | E12: Target | F12: Breaks | I12: +/- | J12: Accounting | K12: Control | M12: c/s/h/n/b | N12: Hours | O12: Project Total Hours | P12: Number | Q12: Hours | R12: Project Total Hours | S12: Number | T12: Hours | U12: Project Total Hours | V12: Number | W12: Hours | X12: Project Total Hours | Y12: Number | Z12: Hours | AA12: Project Total Hours | AB12: Number | AC12: Hours | AD12: Project Total Hours | AE12: Number | AF12: Hours | AG12: Project Total Hours | AH12: Number | AI12: Hours | AJ12: Project Total Hours | AK12: Number | AL12: Hours | AM12: Project Total Hours | AN12: Number | AO12: Hours | AP12: Project Total Hours | AQ12: Number | AR12: Hours | AS12: Project Total Hours | AT12: Number | AU12: Hours | AV12: Project Total Hours | AW12: Number | AX12: Hours | AY12: Project Total Hours | AZ12: Number | BA12: Hours | BB12: Project Total Hours | BC12: Number | BD12: Hours | BE12: Project Total Hours | BF12: Number | BG12: Hours | BH12: Project Total Hours | BI12: Number | BJ12: Hours | BK12: Project Total Hours | BL12: Number | BM12: Hours | BN12: Project Total Hours | BO12: Number | BP12: Hours | BQ12: Project Total Hours | BR12: Number | BS12: Hours | BT12: Project Total Hours | BU12: Number | BV12: Hours
A13: 45839 | B13: 0 | C13: 0 | D13: =C13-B13-G13-F13 -> 0 | E13: =IF(C13>0,$F$1,0) -> 0 | F13: 0 | H13: =IF(E13>D13,"-","+") -> + | I13: =IF(D13>E13,D13-E13,(IF(D13=E13,0,E13-D13))) -> 0 | J13: =N13+O13+R13+U13+X13+AA13+AD13+AG13+AJ13+AM13+AP13+AS13+AV13+AY13+BB13+BE13+BH13+BK13+BN13+BQ13+BT13 -> 0 | K13: =IF(D13=J13,"ok","check") -> ok | N13: =D13-(O13+R13+U13+X13+AA13+AD13+AG13+AJ13+AM13+AP13+AS13+AV13+AY13+BB13+BE13+BH13+BK13+BN13+BQ13+BT13) -> 0 | BW13: =D13-E13 -> 0
A14: 45840 | B14: 0 | C14: 0 | D14: =C14-B14-G14-F14 -> 0 | E14: =IF(C14>0,$F$1,0) -> 0 | F14: 0 | H14: =IF(E14>D14,"-","+") -> + | I14: =IF(D14>E14,D14-E14,(IF(D14=E14,0,E14-D14))) -> 0 | J14: =N14+O14+R14+U14+X14+AA14+AD14+AG14+AJ14+AM14+AP14+AS14+AV14+AY14+BB14+BE14+BH14+BK14+BN14+BQ14+BT14 -> 0 | K14: =IF(D14=J14,"ok","check") -> ok | N14: =D14-(O14+R14+U14+X14+AA14+AD14+AG14+AJ14+AM14+AP14+AS14+AV14+AY14+BB14+BE14+BH14+BK14+BN14+BQ14+BT14) -> 0 | BW14: =D14-E14 -> 0
A15: 45841 | B15: 0 | C15: 0 | D15: =C15-B15-G15-F15 -> 0 | E15: =IF(C15>0,$F$1,0) -> 0 | F15: 0 | H15: =IF(E15>D15,"-","+") -> + | I15: =IF(D15>E15,D15-E15,(IF(D15=E15,0,E15-D15))) -> 0 | J15: =N15+O15+R15+U15+X15+AA15+AD15+AG15+AJ15+AM15+AP15+AS15+AV15+AY15+BB15+BE15+BH15+BK15+BN15+BQ15+BT15 -> 0 | K15: =IF(D15=J15,"ok","check") -> ok | N15: =D15-(O15+R15+U15+X15+AA15+AD15+AG15+AJ15+AM15+AP15+AS15+AV15+AY15+BB15+BE15+BH15+BK15+BN15+BQ15+BT15) -> 0 | BW15: =D15-E15 -> 0
A16: 45842 | B16: 0 | C16: 0 | D16: =C16-B16-G16-F16 -> 0 | E16: =IF(C16>0,$F$1,0) -> 0 | F16: 0 | H16: =IF(E16>D16,"-","+") -> + | I16: =IF(D16>E16,D16-E16,(IF(D16=E16,0,E16-D16))) -> 0 | J16: =N16+O16+R16+U16+X16+AA16+AD16+AG16+AJ16+AM16+AP16+AS16+AV16+AY16+BB16+BE16+BH16+BK16+BN16+BQ16+BT16 -> 0 | K16: =IF(D16=J16,"ok","check") -> ok | N16: =D16-(O16+R16+U16+X16+AA16+AD16+AG16+AJ16+AM16+AP16+AS16+AV16+AY16+BB16+BE16+BH16+BK16+BN16+BQ16+BT16) -> 0 | BW16: =D16-E16 -> 0
A17: 45843 | B17: 0 | C17: 0 | D17: =C17-B17-G17-F17 -> 0 | E17: =IF(C17>0,$F$1,0) -> 0 | F17: 0 | H17: =IF(E17>D17,"-","+") -> + | I17: =IF(D17>E17,D17-E17,(IF(D17=E17,0,E17-D17))) -> 0 | J17: =N17+O17+R17+U17+X17+AA17+AD17+AG17+AJ17+AM17+AP17+AS17+AV17+AY17+BB17+BE17+BH17+BK17+BN17+BQ17+BT17 -> 0 | K17: =IF(D17=J17,"ok","check") -> ok | N17: =D17-(O17+R17+U17+X17+AA17+AD17+AG17+AJ17+AM17+AP17+AS17+AV17+AY17+BB17+BE17+BH17+BK17+BN17+BQ17+BT17) -> 0 | BW17: =D17-E17 -> 0
A18: 45844 | B18: 0 | C18: 0 | D18: =C18-B18-G18-F18 -> 0 | E18: =IF(C18>0,$F$1,0) -> 0 | F18: 0 | H18: =IF(E18>D18,"-","+") -> + | I18: =IF(D18>E18,D18-E18,(IF(D18=E18,0,E18-D18))) -> 0 | J18: =N18+O18+R18+U18+X18+AA18+AD18+AG18+AJ18+AM18+AP18+AS18+AV18+AY18+BB18+BE18+BH18+BK18+BN18+BQ18+BT18 -> 0 | K18: =IF(D18=J18,"ok","check") -> ok | N18: =D18-(O18+R18+U18+X18+AA18+AD18+AG18+AJ18+AM18+AP18+AS18+AV18+AY18+BB18+BE18+BH18+BK18+BN18+BQ18+BT18) -> 0 | BW18: =D18-E18 -> 0
A19: 45845 | B19: 0 | C19: 0 | D19: =C19-B19-G19-F19 -> 0 | E19: =IF(C19>0,$F$1,0) -> 0 | F19: 0 | H19: =IF(E19>D19,"-","+") -> + | I19: =IF(D19>E19,D19-E19,(IF(D19=E19,0,E19-D19))) -> 0 | J19: =N19+O19+R19+U19+X19+AA19+AD19+AG19+AJ19+AM19+AP19+AS19+AV19+AY19+BB19+BE19+BH19+BK19+BN19+BQ19+BT19 -> 0 | K19: =IF(D19=J19,"ok","check") -> ok | N19: =D19-(O19+R19+U19+X19+AA19+AD19+AG19+AJ19+AM19+AP19+AS19+AV19+AY19+BB19+BE19+BH19+BK19+BN19+BQ19+BT19) -> 0 | BW19: =D19-E19 -> 0
A20: 45846 | B20: 0 | C20: 0 | D20: =C20-B20-G20-F20 -> 0 | E20: =IF(C20>0,$F$1,0) -> 0 | F20: 0 | H20: =IF(E20>D20,"-","+") -> + | I20: =IF(D20>E20,D20-E20,(IF(D20=E20,0,E20-D20))) -> 0 | J20: =N20+O20+R20+U20+X20+AA20+AD20+AG20+AJ20+AM20+AP20+AS20+AV20+AY20+BB20+BE20+BH20+BK20+BN20+BQ20+BT20 -> 0 | K20: =IF(D20=J20,"ok","check") -> ok | N20: =D20-(O20+R20+U20+X20+AA20+AD20+AG20+AJ20+AM20+AP20+AS20+AV20+AY20+BB20+BE20+BH20+BK20+BN20+BQ20+BT20) -> 0 | BW20: =D20-E20 -> 0
A21: 45847 | B21: 0 | C21: 0 | D21: =C21-B21-G21-F21 -> 0 | E21: =IF(C21>0,$F$1,0) -> 0 | F21: 0 | H21: =IF(E21>D21,"-","+") -> + | I21: =IF(D21>E21,D21-E21,(IF(D21=E21,0,E21-D21))) -> 0 | J21: =N21+O21+R21+U21+X21+AA21+AD21+AG21+AJ21+AM21+AP21+AS21+AV21+AY21+BB21+BE21+BH21+BK21+BN21+BQ21+BT21 -> 0 | K21: =IF(D21=J21,"ok","check") -> ok | N21: =D21-(O21+R21+U21+X21+AA21+AD21+AG21+AJ21+AM21+AP21+AS21+AV21+AY21+BB21+BE21+BH21+BK21+BN21+BQ21+BT21) -> 0 | BW21: =D21-E21 -> 0
A22: 45848 | B22: 0 | C22: 0 | D22: =C22-B22-G22-F22 -> 0 | E22: =IF(C22>0,$F$1,0) -> 0 | F22: 0 | H22: =IF(E22>D22,"-","+") -> + | I22: =IF(D22>E22,D22-E22,(IF(D22=E22,0,E22-D22))) -> 0 | J22: =N22+O22+R22+U22+X22+AA22+AD22+AG22+AJ22+AM22+AP22+AS22+AV22+AY22+BB22+BE22+BH22+BK22+BN22+BQ22+BT22 -> 0 | K22: =IF(D22=J22,"ok","check") -> ok | N22: =D22-(O22+R22+U22+X22+AA22+AD22+AG22+AJ22+AM22+AP22+AS22+AV22+AY22+BB22+BE22+BH22+BK22+BN22+BQ22+BT22) -> 0 | BW22: =D22-E22 -> 0
A23: 45849 | B23: 0 | C23: 0 | D23: =C23-B23-G23-F23 -> 0 | E23: =IF(C23>0,$F$1,0) -> 0 | F23: 0 | H23: =IF(E23>D23,"-","+") -> + | I23: =IF(D23>E23,D23-E23,(IF(D23=E23,0,E23-D23))) -> 0 | J23: =N23+O23+R23+U23+X23+AA23+AD23+AG23+AJ23+AM23+AP23+AS23+AV23+AY23+BB23+BE23+BH23+BK23+BN23+BQ23+BT23 -> 0 | K23: =IF(D23=J23,"ok","check") -> ok | N23: =D23-(O23+R23+U23+X23+AA23+AD23+AG23+AJ23+AM23+AP23+AS23+AV23+AY23+BB23+BE23+BH23+BK23+BN23+BQ23+BT23) -> 0 | BW23: =D23-E23 -> 0
A24: 45850 | B24: 0 | C24: 0 | D24: =C24-B24-G24-F24 -> 0 | E24: =IF(C24>0,$F$1,0) -> 0 | F24: 0 | H24: =IF(E24>D24,"-","+") -> + | I24: =IF(D24>E24,D24-E24,(IF(D24=E24,0,E24-D24))) -> 0 | J24: =N24+O24+R24+U24+X24+AA24+AD24+AG24+AJ24+AM24+AP24+AS24+AV24+AY24+BB24+BE24+BH24+BK24+BN24+BQ24+BT24 -> 0 | K24: =IF(D24=J24,"ok","check") -> ok | N24: =D24-(O24+R24+U24+X24+AA24+AD24+AG24+AJ24+AM24+AP24+AS24+AV24+AY24+BB24+BE24+BH24+BK24+BN24+BQ24+BT24) -> 0 | BW24: =D24-E24 -> 0
... A43: 45869 | B43: 0 | C43: 0 | D43: =C43-B43-G43-F43 -> 0 | E43: =IF(C43>0,$F$1,0) -> 0 | F43: 0 | H43: =IF(E43>D43,"-","+") -> + | I43: =IF(D43>E43,D43-E43,(IF(D43=E43,0,E43-D43))) -> 0 | J43: =N43+O43+R43+U43+X43+AA43+AD43+AG43+AJ43+AM43+AP43+AS43+AV43+AY43+BB43+BE43+BH43+BK43+BN43+BQ43+BT43 -> 0 | K43: =IF(D43=J43,"ok","check") -> ok | N43: =D43-(O43+R43+U43+X43+AA43+AD43+AG43+AJ43+AM43+AP43+AS43+AV43+AY43+BB43+BE43+BH43+BK43+BN43+BQ43+BT43) -> 0 | BW43: =D43-E43 -> 0
A44: Total Time | D44: =SUM(D13:D43) -> 0 | E44: =SUM(E13:E43) -> 0 | H44: =IF(E44>D44,"-","+") -> + | I44: =IF(D44>E44,D44-E44,(IF(D44=E44,0,E44-D44))) -> 0 | J44: =SUM(J13:J43) -> 0 | K44: =IF(D44=J44,"ok","check") -> ok | N44: =SUM(N13:N43) -> 0 | O44: =SUM(O13:O43) -> 0 | P44: =SUM(P13:P43) -> 0 | Q44: =SUM(Q13:Q43) -> 0 | R44: =SUM(R13:R43) -> 0 | S44: =SUM(S13:S43) -> 0 | T44: =SUM(T13:T43) -> 0 | U44: =SUM(U13:U43) -> 0 | ... BW44: =SUM(BW13:BW43) -> 0
A47: =A1 -> Name Surname | F47: =A13 -> 45839
A49: Project Number | B49: Project Name | D49: Project Time | H49: Hours
A50: =O11 -> Project Number 1 | B50: =O10 -> Project Name 1 | D50: =O44 -> 0 | H50: =D50*24 -> 0
A51: =R11 -> Project Number 2 | B51: =R10 -> Project Name 2 | D51: =R44 -> 0 | H51: =D51*24 -> 0
A52: =U11 -> Project Number 3 | B52: =U10 -> Project Name 3 | D52: =U44 -> 0 | H52: =D52*24 -> 0
A53: =X11 -> Project Number 4 | B53: =X10 -> Project Name 4 | D53: =X44 -> 0 | H53: =D53*24 -> 0
A54: =AA11 -> Project Number 5 | B54: =AA10 -> Project Name 5 | D54: =AA44 -> 0 | H54: =D54*24 -> 0
A55: =AD11 -> Project Number 6 | B55: =AD10 -> Project Name 6 | D55: =AD44 -> 0 | H55: =D55*24 -> 0
A56: =AG11 -> Project Number 7 | B56: =AG10 -> Project Name 7 | D56: =AG44 -> 0 | H56: =D56*24 -> 0
A57: =AJ11 -> Project Number 8 | B57: =AJ10 -> Project Name 8 | D57: =AJ44 -> 0 | H57: =D57*24 -> 0
A58: =AM11 -> Project Number 9 | B58: =AM10 -> Project Name 9 | D58: =AM44 -> 0 | H58: =D58*24 -> 0
A59: =AP11 -> Project Number 10 | B59: =AP10 -> Project Name 10 | D59: =AP44 -> 0 | H59: =D59*24 -> 0
A60: =AS11 -> Project Number 11 | B60: =AS10 -> Project Name 11 | D60: =AS44 -> 0 | H60: =D60*24 -> 0
A61: =AV11 -> Project Number 12 | B61: =AV10 -> Project Name 12 | D61: =AV44 -> 0 | H61: =D61*24 -> 0
A62: =AY11 -> Project Number 13 | B62: =AY10 -> Project Name 13 | D62: =AY44 -> 0 | H62: =D62*24 -> 0
A63: =BB11 -> Project Number 14 | B63: =BB10 -> Project Name 14 | D63: =BB44 -> 0 | H63: =D63*24 -> 0
A64: =BE11 -> Project Number 15 | B64: =BE10 -> Project Name 15 | D64: =BE44 -> 0 | H64: =D64*24 -> 0
A65: =BH11 -> Project Number 16 | B65: =BH10 -> Project Name 16 | D65: =BH44 -> 0 | H65: =D65*24 -> 0
A66: =BK11 -> Project Number 17 | B66: =BK10 -> Project Name 17 | D66: =BK44 -> 0 | H66: =D66*24 -> 0
A67: =BN11 -> Project Number 18 | B67: =BN10 -> Project Name 18 | D67: =BN44 -> 0 | H67: =D67*24 -> 0
A68: =BQ11 -> Project Number 19 | B68: =BQ10 -> Project Name 19 | D68: =BQ44 -> 0 | H68: =D68*24 -> 0
A69: =BT11 -> Project Number 20 | B69: =BT10 -> Project Name 20 | D69: =BT44 -> 0 | H69: =D69*24 -> 0
A70: general acitvity | B70: general acitvity | D70: =N44 -> 0 | H70: =D70*24 -> 0
A71: overall results | D71: =D44 -> 0 | H71: =SUM(H50:I70) -> 0
A74: Monthly Result | E74: =H4 -> - | F74: =IF(I4>=0,I4,"Negative") -> 0
A76: overtime of the previous month | E76: =H6 -> + | F76: =I6 -> -5
A77: comp time or accounting | E77: =H7 -> - | F77: =I7 -> 0
A78: overtime overall result | E78: =H8 -> + | F78: =I8 -> -5.8333333
A79: Current outstanding holidays | E79: =H9 -> + | F79: =I9 -> 14.583333
A80: spent holidays this month | F80: =I10 -> 0
A82: =A47 -> Name Surname | B82: Signature: __________________________

Sheet August
A1: =July!A1 -> Name Surname | C1: Target Time: | F1: =July!F1 -> 0.32083333
A2: =July!A2 -> Email | C2: Working hours billed: | F2: 0 | K2: =25/12 -> 2.0833333 | N2: 0.83333333
A3: =July!A3 -> Role
A4: =July!A4 -> Vienna | E4: Monthly Result | H4: =IF(I4>0,"+","-") -> - | I4: =BW44 -> 0
D5: overtime of the current month | H5: + | I5: =I4-N2 -> -0.83333333
A6: Status | D6: overtime of the previous month | H6: + | I6: =July!I8 -> -5.8333333
A7: sick = s | D7: comp time or accounting | H7: - | I7: 0
A8: comp time = c | D8: overtime overall result | H8: + | I8: =I5+I6-I7 -> -6.6666667
A9: holiday = h | D9: outstanding holidays | H9: =IF(I9>0,"+","-") -> + | I9: =July!I9+K2-I10 -> 16.666667 | K9: =I9+((0+(0/60))/8) -> 16.666667 | O9: Please fill in the Project Name and the Project Number for each Project you are working for
A10: no work day = n | D10: spent holidays | I10: 0 | M10: insert shortcut | N10: General Activity | O10: =July!O10 -> Project Name 1 | R10: =July!R10 -> Project Name 2 | U10: =July!U10 -> Project Name 3 | X10: =July!X10 -> Project Name 4 | AA10: =July!AA10 -> Project Name 5 | AD10: =July!AD10 -> Project Name 6 | AG10: =July!AG10 -> Project Name 7 | AJ10: =July!AJ10 -> Project Name 8 | AM10: =July!AM10 -> Project Name 9 | AP10: =July!AP10 -> Project Name 10 | AS10: =July!AS10 -> Project Name 11 | AV10: =July!AV10 -> Project Name 12 | AY10: =July!AY10 -> Project Name 13 | BB10: =July!BB10 -> Project Name 14 | BE10: =July!BE10 -> Project Name 15 | BH10: =July!BH10 -> Project Name 16 | BK10: =July!BK10 -> Project Name 17 | BN10: =July!BN10 -> Project Name 18 | BQ10: =July!BQ10 -> Project Name 19 | BT10: =July!BT10 -> Project Name 20
A11: Business Trip = b | M11: Status | N11: =July!N11 -> General Activity Name Surname | O11: =July!O11 -> Project Number 1 | P11: =July!P11 -> Interviews | Q11: =July!Q11 -> Database | R11: =July!R11 -> Project Number 2 | S11: =July!S11 -> Interviews | T11: =July!T11 -> Database | U11: =July!U11 -> Project Number 3 | ... BV11: =July!BV11 -> Database
A12: Date | B12: Start | C12: End | D12: Time | E12: Target | F12: Breaks | I12: +/- | J12: Accounting | K12: Control | M12: c/s/h/n/b | N12: Hours | O12: Project Total Hours | P12: Number | Q12: Hours | R12: Project Total Hours | S12: Number | T12: Hours | U12: Project Total Hours | V12: Number | W12: Hours | X12: Project Total Hours | Y12: Number | Z12: Hours | AA12: Project Total Hours | AB12: Number | AC12: Hours | AD12: Project Total Hours | AE12: Number | AF12: Hours | AG12: Project Total Hours | AH12: Number | AI12: Hours | AJ12: Project Total Hours | AK12: Number | AL12: Hours | AM12: Project Total Hours | AN12: Number | AO12: Hours | AP12: Project Total Hours | AQ12: Number | AR12: Hours | AS12: Project Total Hours | AT12: Number | AU12: Hours | AV12: Project Total Hours | AW12: Number | AX12: Hours | AY12: Project Total Hours | AZ12: Number | BA12: Hours | BB12: Project Total Hours | BC12: Number | BD12: Hours | BE12: Project Total Hours | BF12: Number | BG12: Hours | BH12: Project Total Hours | BI12: Number | BJ12: Hours | BK12: Project Total Hours | BL12: Number | BM12: Hours | BN12: Project Total Hours | BO12: Number | BP12: Hours | BQ12: Project Total Hours | BR12: Number | BS12: Hours | BT12: Project Total Hours | BU12: Number | BV12: Hours
A13: 45870 | B13: 0 | C13: 0 | D13: =C13-B13-G13-F13 -> 0 | E13: =IF(C13>0,$F$1,0) -> 0 | F13: 0 | H13: =IF(E13>D13,"-","+") -> + | I13: =IF(D13>E13,D13-E13,(IF(D13=E13,0,E13-D13))) -> 0 | J13: =N13+O13+R13+U13+X13+AA13+AD13+AG13+AJ13+AM13+AP13+AS13+AV13+AY13+BB13+BE13+BH13+BK13+BN13+BQ13+BT13 -> 0 | K13: =IF(D13=J13,"ok","check") -> ok | N13: =D13-(O13+R13+U13+X13+AA13+AD13+AG13+AJ13+AM13+AP13+AS13+AV13+AY13+BB13+BE13+BH13+BK13+BN13+BQ13+BT13) -> 0 | BW13: =D13-E13 -> 0
A14: 45871 | B14: 0 | C14: 0 | D14: =C14-B14-G14-F14 -> 0 | E14: =IF(C14>0,$F$1,0) -> 0 | F14: 0 | H14: =IF(E14>D14,"-","+") -> + | I14: =IF(D14>E14,D14-E14,(IF(D14=E14,0,E14-D14))) -> 0 | J14: =N14+O14+R14+U14+X14+AA14+AD14+AG14+AJ14+AM14+AP14+AS14+AV14+AY14+BB14+BE14+BH14+BK14+BN14+BQ14+BT14 -> 0 | K14: =IF(D14=J14,"ok","check") -> ok | N14: =D14-(O14+R14+U14+X14+AA14+AD14+AG14+AJ14+AM14+AP14+AS14+AV14+AY14+BB14+BE14+BH14+BK14+BN14+BQ14+BT14) -> 0 | BW14: =D14-E14 -> 0
A15: 45872 | B15: 0 | C15: 0 | D15: =C15-B15-G15-F15 -> 0 | E15: =IF(C15>0,$F$1,0) -> 0 | F15: 0 | H15: =IF(E15>D15,"-","+") -> + | I15: =IF(D15>E15,D15-E15,(IF(D15=E15,0,E15-D15))) -> 0 | J15: =N15+O15+R15+U15+X15+AA15+AD15+AG15+AJ15+AM15+AP15+AS15+AV15+AY15+BB15+BE15+BH15+BK15+BN15+BQ15+BT15 -> 0 | K15: =IF(D15=J15,"ok","check") -> ok | N15: =D15-(O15+R15+U15+X15+AA15+AD15+AG15+AJ15+AM15+AP15+AS15+AV15+AY15+BB15+BE15+BH15+BK15+BN15+BQ15+BT15) -> 0 | BW15: =D15-E15 -> 0
A16: 45873 | B16: 0 | C16: 0 | D16: =C16-B16-G16-F16 -> 0 | E16: =IF(C16>0,$F$1,0) -> 0 | F16: 0 | H16: =IF(E16>D16,"-","+") -> + | I16: =IF(D16>E16,D16-E16,(IF(D16=E16,0,E16-D16))) -> 0 | J16: =N16+O16+R16+U16+X16+AA16+AD16+AG16+AJ16+AM16+AP16+AS16+AV16+AY16+BB16+BE16+BH16+BK16+BN16+BQ16+BT16 -> 0 | K16: =IF(D16=J16,"ok","check") -> ok | N16: =D16-(O16+R16+U16+X16+AA16+AD16+AG16+AJ16+AM16+AP16+AS16+AV16+AY16+BB16+BE16+BH16+BK16+BN16+BQ16+BT16) -> 0 | BW16: =D16-E16 -> 0
A17: 45874 | B17: 0 | C17: 0 | D17: =C17-B17-G17-F17 -> 0 | E17: =IF(C17>0,$F$1,0) -> 0 | F17: 0 | H17: =IF(E17>D17,"-","+") -> + | I17: =IF(D17>E17,D17-E17,(IF(D17=E17,0,E17-D17))) -> 0 | J17: =N17+O17+R17+U17+X17+AA17+AD17+AG17+AJ17+AM17+AP17+AS17+AV17+AY17+BB17+BE17+BH17+BK17+BN17+BQ17+BT17 -> 0 | K17: =IF(D17=J17,"ok","check") -> ok | N17: =D17-(O17+R17+U17+X17+AA17+AD17+AG17+AJ17+AM17+AP17+AS17+AV17+AY17+BB17+BE17+BH17+BK17+BN17+BQ17+BT17) -> 0 | BW17: =D17-E17 -> 0
A18: 45875 | B18: 0 | C18: 0 | D18: =C18-B18-G18-F18 -> 0 | E18: =IF(C18>0,$F$1,0) -> 0 | F18: 0 | H18: =IF(E18>D18,"-","+") -> + | I18: =IF(D18>E18,D18-E18,(IF(D18=E18,0,E18-D18))) -> 0 | J18: =N18+O18+R18+U18+X18+AA18+AD18+AG18+AJ18+AM18+AP18+AS18+AV18+AY18+BB18+BE18+BH18+BK18+BN18+BQ18+BT18 -> 0 | K18: =IF(D18=J18,"ok","check") -> ok | N18: =D18-(O18+R18+U18+X18+AA18+AD18+AG18+AJ18+AM18+AP18+AS18+AV18+AY18+BB18+BE18+BH18+BK18+BN18+BQ18+BT18) -> 0 | BW18: =D18-E18 -> 0
A19: 45876 | B19: 0 | C19: 0 | D19: =C19-B19-G19-F19 -> 0 | E19: =IF(C19>0,$F$1,0) -> 0 | F19: 0 | H19: =IF(E19>D19,"-","+") -> + | I19: =IF(D19>E19,D19-E19,(IF(D19=E19,0,E19-D19))) -> 0 | J19: =N19+O19+R19+U19+X19+AA19+AD19+AG19+AJ19+AM19+AP19+AS19+AV19+AY19+BB19+BE19+BH19+BK19+BN19+BQ19+BT19 -> 0 | K19: =IF(D19=J19,"ok","check") -> ok | N19: =D19-(O19+R19+U19+X19+AA19+AD19+AG19+AJ19+AM19+AP19+AS19+AV19+AY19+BB19+BE19+BH19+BK19+BN19+BQ19+BT19) -> 0 | BW19: =D19-E19 -> 0
A20: 45877 | B20: 0 | C20: 0 | D20: =C20-B20-G20-F20 -> 0 | E20: =IF(C20>0,$F$1,0) -> 0 | F20: 0 | H20: =IF(E20>D20,"-","+") -> + | I20: =IF(D20>E20,D20-E20,(IF(D20=E20,0,E20-D20))) -> 0 | J20: =N20+O20+R20+U20+X20+AA20+AD20+AG20+AJ20+AM20+AP20+AS20+AV20+AY20+BB20+BE20+BH20+BK20+BN20+BQ20+BT20 -> 0 | K20: =IF(D20=J20,"ok","check") -> ok | N20: =D20-(O20+R20+U20+X20+AA20+AD20+AG20+AJ20+AM20+AP20+AS20+AV20+AY20+BB20+BE20+BH20+BK20+BN20+BQ20+BT20) -> 0 | BW20: =D20-E20 -> 0
A21: 45878 | B21: 0 | C21: 0 | D21: =C21-B21-G21-F21 -> 0 | E21: =IF(C21>0,$F$1,0) -> 0 | F21: 0 | H21: =IF(E21>D21,"-","+") -> + | I21: =IF(D21>E21,D21-E21,(IF(D21=E21,0,E21-D21))) -> 0 | J21: =N21+O21+R21+U21+X21+AA21+AD21+AG21+AJ21+AM21+AP21+AS21+AV21+AY21+BB21+BE21+BH21+BK21+BN21+BQ21+BT21 -> 0 | K21: =IF(D21=J21,"ok","check") -> ok | N21: =D21-(O21+R21+U21+X21+AA21+AD21+AG21+AJ21+AM21+AP21+AS21+AV21+AY21+BB21+BE21+BH21+BK21+BN21+BQ21+BT21) -> 0 | BW21: =D21-E21 -> 0
A22: 45879 | B22: 0 | C22: 0 | D22: =C22-B22-G22-F22 -> 0 | E22: =IF(C22>0,$F$1,0) -> 0 | F22: 0 | H22: =IF(E22>D22,"-","+") -> + | I22: =IF(D22>E22,D22-E22,(IF(D22=E22,0,E22-D22))) -> 0 | J22: =N22+O22+R22+U22+X22+AA22+AD22+AG22+AJ22+AM22+AP22+AS22+AV22+AY22+BB22+BE22+BH22+BK22+BN22+BQ22+BT22 -> 0 | K22: =IF(D22=J22,"ok","check") -> ok | N22: =D22-(O22+R22+U22+X22+AA22+AD22+AG22+AJ22+AM22+AP22+AS22+AV22+AY22+BB22+BE22+BH22+BK22+BN22+BQ22+BT22) -> 0 | BW22: =D22-E22 -> 0
A23: 45880 | B23: 0 | C23: 0 | D23: =C23-B23-G23-F23 -> 0 | E23: =IF(C23>0,$F$1,0) -> 0 | F23: 0 | H23: =IF(E23>D23,"-","+") -> + | I23: =IF(D23>E23,D23-E23,(IF(D23=E23,0,E23-D23))) -> 0 | J23: =N23+O23+R23+U23+X23+AA23+AD23+AG23+AJ23+AM23+AP23+AS23+AV23+AY23+BB23+BE23+BH23+BK23+BN23+BQ23+BT23 -> 0 | K23: =IF(D23=J23,"ok","check") -> ok | N23: =D23-(O23+R23+U23+X23+AA23+AD23+AG23+AJ23+AM23+AP23+AS23+AV23+AY23+BB23+BE23+BH23+BK23+BN23+BQ23+BT23) -> 0 | BW23: =D23-E23 -> 0
A24: 45881 | B24: 0 | C24: 0 | D24: =C24-B24-G24-F24 -> 0 | E24: =IF(C24>0,$F$1,0) -> 0 | F24: 0 | H24: =IF(E24>D24,"-","+") -> + | I24: =IF(D24>E24,D24-E24,(IF(D24=E24,0,E24-D24))) -> 0 | J24: =N24+O24+R24+U24+X24+AA24+AD24+AG24+AJ24+AM24+AP24+AS24+AV24+AY24+BB24+BE24+BH24+BK24+BN24+BQ24+BT24 -> 0 | K24: =IF(D24=J24,"ok","check") -> ok | N24: =D24-(O24+R24+U24+X24+AA24+AD24+AG24+AJ24+AM24+AP24+AS24+AV24+AY24+BB24+BE24+BH24+BK24+BN24+BQ24+BT24) -> 0 | BW24: =D24-E24 -> 0
... A43: 45900 | B43: 0 | C43: 0 | D43: =C43-B43-G43-F43 -> 0 | E43: =IF(C43>0,$F$1,0) -> 0 | F43: 0 | H43: =IF(E43>D43,"-","+") -> + | I43: =IF(D43>E43,D43-E43,(IF(D43=E43,0,E43-D43))) -> 0 | J43: =N43+O43+R43+U43+X43+AA43+AD43+AG43+AJ43+AM43+AP43+AS43+AV43+AY43+BB43+BE43+BH43+BK43+BN43+BQ43+BT43 -> 0 | K43: =IF(D43=J43,"ok","check") -> ok | N43: =D43-(O43+R43+U43+X43+AA43+AD43+AG43+AJ43+AM43+AP43+AS43+AV43+AY43+BB43+BE43+BH43+BK43+BN43+BQ43+BT43) -> 0 | BW43: =D43-E43 -> 0
A44: Total Time | D44: =SUM(D13:D43) -> 0 | E44: =SUM(E13:E43) -> 0 | H44: =IF(E44>D44,"-","+") -> + | I44: =IF(D44>E44,D44-E44,(IF(D44=E44,0,E44-D44))) -> 0 | J44: =SUM(J13:J43) -> 0 | K44: =IF(D44=J44,"ok","check") -> ok | N44: =SUM(N13:N43) -> 0 | O44: =SUM(O13:O43) -> 0 | P44: =SUM(P13:P43) -> 0 | Q44: =SUM(Q13:Q43) -> 0 | R44: =SUM(R13:R43) -> 0 | S44: =SUM(S13:S43) -> 0 | T44: =SUM(T13:T43) -> 0 | U44: =SUM(U13:U43) -> 0 | ... BW44: =SUM(BW13:BW43) -> 0
A47: =A1 -> Name Surname | F47: =A13 -> 45870
A49: Project Number | B49: Project Name | D49: Project Time | H49: Hours
A50: =O11 -> Project Number 1 | B50: =O10 -> Project Name 1 | D50: =O44 -> 0 | H50: =D50*24 -> 0
A51: =R11 -> Project Number 2 | B51: =R10 -> Project Name 2 | D51: =R44 -> 0 | H51: =D51*24 -> 0
A52: =U11 -> Project Number 3 | B52: =U10 -> Project Name 3 | D52: =U44 -> 0 | H52: =D52*24 -> 0
A53: =X11 -> Project Number 4 | B53: =X10 -> Project Name 4 | D53: =X44 -> 0 | H53: =D53*24 -> 0
A54: =AA11 -> Project Number 5 | B54: =AA10 -> Project Name 5 | D54: =AA44 -> 0 | H54: =D54*24 -> 0
A55: =AD11 -> Project Number 6 | B55: =AD10 -> Project Name 6 | D55: =AD44 -> 0 | H55: =D55*24 -> 0
A56: =AG11 -> Project Number 7 | B56: =AG10 -> Project Name 7 | D56: =AG44 -> 0 | H56: =D56*24 -> 0
A57: =AJ11 -> Project Number 8 | B57: =AJ10 -> Project Name 8 | D57: =AJ44 -> 0 | H57: =D57*24 -> 0
A58: =AM11 -> Project Number 9 | B58: =AM10 -> Project Name 9 | D58: =AM44 -> 0 | H58: =D58*24 -> 0
A59: =AP11 -> Project Number 10 | B59: =AP10 -> Project Name 10 | D59: =AP44 -> 0 | H59: =D59*24 -> 0
A60: =AS11 -> Project Number 11 | B60: =AS10 -> Project Name 11 | D60: =AS44 -> 0 | H60: =D60*24 -> 0
A61: =AV11 -> Project Number 12 | B61: =AV10 -> Project Name 12 | D61: =AV44 -> 0 | H61: =D61*24 -> 0
A62: =AY11 -> Project Number 13 | B62: =AY10 -> Project Name 13 | D62: =AY44 -> 0 | H62: =D62*24 -> 0
A63: =BB11 -> Project Number 14 | B63: =BB10 -> Project Name 14 | D63: =BB44 -> 0 | H63: =D63*24 -> 0
A64: =BE11 -> Project Number 15 | B64: =BE10 -> Project Name 15 | D64: =BE44 -> 0 | H64: =D64*24 -> 0
A65: =BH11 -> Project Number 16 | B65: =BH10 -> Project Name 16 | D65: =BH44 -> 0 | H65: =D65*24 -> 0
A66: =BK11 -> Project Number 17 | B66: =BK10 -> Project Name 17 | D66: =BK44 -> 0 | H66: =D66*24 -> 0
A67: =BN11 -> Project Number 18 | B67: =BN10 -> Project Name 18 | D67: =BN44 -> 0 | H67: =D67*24 -> 0
A68: =BQ11 -> Project Number 19 | B68: =BQ10 -> Project Name 19 | D68: =BQ44 -> 0 | H68: =D68*24 -> 0
A69: =BT11 -> Project Number 20 | B69: =BT10 -> Project Name 20 | D69: =BT44 -> 0 | H69: =D69*24 -> 0
A70: overtime of the previous month | B70: general acitvity | D70: =N44 -> 0 | H70: =D70*24 -> 0
A71: overall results | D71: =D44 -> 0 | H71: =SUM(H50:I70) -> 0
A72: overtime overall result
A73: Current outstanding holidays
A74: spent holidays this month | E74: =H4 -> - | F74: =IF(I4>=0,I4,"Negative") -> 0
A76: Carried over of the previous month | E76: =H6 -> + | F76: =I6 -> -5.8333333
A77: comp time or accounting | E77: =H7 -> - | F77: =I7 -> 0
A78: overall result: | E78: =H8 -> + | F78: =I8 -> -6.6666667
A79: open leave at the end of the month | E79: =H9 -> + | F79: =I9 -> 16.666667
A80: spent holidays | F80: =I10 -> 0
A82: =A47 -> Name Surname | B82: Signature: __________________________

Sheet September
A1: =August!A1 -> Name Surname | C1: Target Time: | F1: =August!F1 -> 0.32083333
A2: =August!A2 -> Email | C2: Working hours billed: | F2: 0 | K2: =25/12 -> 2.0833333 | N2: 0.83333333
A3: =August!A3 -> Role
A4: =August!A4 -> Vienna | E4: Monthly Result | H4: =IF(I4>0,"+","-") -> - | I4: =BW43 -> 0
D5: overtime of the current month | H5: + | I5: =I4-N2 -> -0.83333333
A6: Status | D6: overtime of the previous month | H6: + | I6: =August!I8 -> -6.6666667
A7: sick = s | D7: comp time or accounting | H7: - | I7: 0
A8: comp time = c | D8: overtime overall result | H8: + | I8: =I5+I6-I7 -> -7.5
A9: holiday = h | D9: outstanding holidays | H9: =IF(I9>0,"+","-") -> + | I9: =August!I9+K2-I10 -> 18.75 | K9: =I9+((0+(0/60))/8) -> 18.75 | O9: Please fill in the Project Name and the Project Number for each Project you are working for
A10: no work day = n | D10: spent holidays | I10: 0 | M10: insert shortcut | N10: General Activity | O10: =August!O10 -> Project Name 1 | R10: =August!R10 -> Project Name 2 | U10: =August!U10 -> Project Name 3 | X10: =August!X10 -> Project Name 4 | AA10: =August!AA10 -> Project Name 5 | AD10: =August!AD10 -> Project Name 6 | AG10: =August!AG10 -> Project Name 7 | AJ10: =August!AJ10 -> Project Name 8 | AM10: =August!AM10 -> Project Name 9 | AP10: =August!AP10 -> Project Name 10 | AS10: =August!AS10 -> Project Name 11 | AV10: =August!AV10 -> Project Name 12 | AY10: =August!AY10 -> Project Name 13 | BB10: =August!BB10 -> Project Name 14 | BE10: =August!BE10 -> Project Name 15 | BH10: =August!BH10 -> Project Name 16 | BK10: =August!BK10 -> Project Name 17 | BN10: =August!BN10 -> Project Name 18 | BQ10: =August!BQ10 -> Project Name 19 | BT10: =August!BT10 -> Project Name 20
A11: Business Trip = b | M11: Status | N11: =August!N11 -> General Activity Name Surname | O11: =August!O11 -> Project Number 1 | P11: =August!P11 -> Interviews | Q11: =August!Q11 -> Database | R11: =August!R11 -> Project Number 2 | S11: =August!S11 -> Interviews | T11: =August!T11 -> Database | U11: =August!U11 -> Project Number 3 | ... BV11: =August!BV11 -> Database
A12: Date | B12: Start | C12: End | D12: Time | E12: Target | F12: Breaks | I12: +/- | J12: Accounting | K12: Control | M12: c/s/h/n/b | N12: Hours | O12: Project Total Hours | P12: Number | Q12: Hours | R12: Project Total Hours | S12: Number | T12: Hours | U12: Project Total Hours | V12: Number | W12: Hours | X12: Project Total Hours | Y12: Number | Z12: Hours | AA12: Project Total Hours | AB12: Number | AC12: Hours | AD12: Project Total Hours | AE12: Number | AF12: Hours | AG12: Project Total Hours | AH12: Number | AI12: Hours | AJ12: Project Total Hours | AK12: Number | AL12: Hours | AM12: Project Total Hours | AN12: Number | AO12: Hours | AP12: Project Total Hours | AQ12: Number | AR12: Hours | AS12: Project Total Hours | AT12: Number | AU12: Hours | AV12: Project Total Hours | AW12: Number | AX12: Hours | AY12: Project Total Hours | AZ12: Number | BA12: Hours | BB12: Project Total Hours | BC12: Number | BD12: Hours | BE12: Project Total Hours | BF12: Number | BG12: Hours | BH12: Project Total Hours | BI12: Number | BJ12: Hours | BK12: Project Total Hours | BL12: Number | BM12: Hours | BN12: Project Total Hours | BO12: Number | BP12: Hours | BQ12: Project Total Hours | BR12: Number | BS12: Hours | BT12: Project Total Hours | BU12: Number | BV12: Hours
A13: 45901 | B13: 0 | C13: 0 | D13: =C13-B13-G13-F13 -> 0 | E13: =IF(C13>0,$F$1,0) -> 0 | F13: 0 | H13: =IF(E13>D13,"-","+") -> + | I13: =IF(D13>E13,D13-E13,(IF(D13=E13,0,E13-D13))) -> 0 | J13: =N13+O13+R13+U13+X13+AA13+AD13+AG13+AJ13+AM13+AP13+AS13+AV13+AY13+BB13+BE13+BH13+BK13+BN13+BQ13+BT13 -> 0 | K13: =IF(D13=J13,"ok","check") -> ok | N13: =D13-(O13+R13+U13+X13+AA13+AD13+AG13+AJ13+AM13+AP13+AS13+AV13+AY13+BB13+BE13+BH13+BK13+BN13+BQ13+BT13) -> 0 | BW13: =D13-E13 -> 0
A14: 45902 | B14: 0 | C14: 0 | D14: =C14-B14-G14-F14 -> 0 | E14: =IF(C14>0,$F$1,0) -> 0 | F14: 0 | H14: =IF(E14>D14,"-","+") -> + | I14: =IF(D14>E14,D14-E14,(IF(D14=E14,0,E14-D14))) -> 0 | J14: =N14+O14+R14+U14+X14+AA14+AD14+AG14+AJ14+AM14+AP14+AS14+AV14+AY14+BB14+BE14+BH14+BK14+BN14+BQ14+BT14 -> 0 | K14: =IF(D14=J14,"ok","check") -> ok | N14: =D14-(O14+R14+U14+X14+AA14+AD14+AG14+AJ14+AM14+AP14+AS14+AV14+AY14+BB14+BE14+BH14+BK14+BN14+BQ14+BT14) -> 0 | BW14: =D14-E14 -> 0
A15: 45903 | B15: 0 | C15: 0 | D15: =C15-B15-G15-F15 -> 0 | E15: =IF(C15>0,$F$1,0) -> 0 | F15: 0 | H15: =IF(E15>D15,"-","+") -> + | I15: =IF(D15>E15,D15-E15,(IF(D15=E15,0,E15-D15))) -> 0 | J15: =N15+O15+R15+U15+X15+AA15+AD15+AG15+AJ15+AM15+AP15+AS15+AV15+AY15+BB15+BE15+BH15+BK15+BN15+BQ15+BT15 -> 0 | K15: =IF(D15=J15,"ok","check") -> ok | N15: =D15-(O15+R15+U15+X15+AA15+AD15+AG15+AJ15+AM15+AP15+AS15+AV15+AY15+BB15+BE15+BH15+BK15+BN15+BQ15+BT15) -> 0 | BW15: =D15-E15 -> 0
A16: 45904 | B16: 0 | C16: 0 | D16: =C16-B16-G16-F16 -> 0 | E16: =IF(C16>0,$F$1,0) -> 0 | F16: 0 | H16: =IF(E16>D16,"-","+") -> + | I16: =IF(D16>E16,D16-E16,(IF(D16=E16,0,E16-D16))) -> 0 | J16: =N16+O16+R16+U16+X16+AA16+AD16+AG16+AJ16+AM16+AP16+AS16+AV16+AY16+BB16+BE16+BH16+BK16+BN16+BQ16+BT16 -> 0 | K16: =IF(D16=J16,"ok","check") -> ok | N16: =D16-(O16+R16+U16+X16+AA16+AD16+AG16+AJ16+AM16+AP16+AS16+AV16+AY16+BB16+BE16+BH16+BK16+BN16+BQ16+BT16) -> 0 | BW16: =D16-E16 -> 0
A17: 45905 | B17: 0 | C17: 0 | D17: =C17-B17-G17-F17 -> 0 | E17: =IF(C17>0,$F$1,0) -> 0 | F17: 0 | H17: =IF(E17>D17,"-","+") -> + | I17: =IF(D17>E17,D17-E17,(IF(D17=E17,0,E17-D17))) -> 0 | J17: =N17+O17+R17+U17+X17+AA17+AD17+AG17+AJ17+AM17+AP17+AS17+AV17+AY17+BB17+BE17+BH17+BK17+BN17+BQ17+BT17 -> 0 | K17: =IF(D17=J17,"ok","check") -> ok | N17: =D17-(O17+R17+U17+X17+AA17+AD17+AG17+AJ17+AM17+AP17+AS17+AV17+AY17+BB17+BE17+BH17+BK17+BN17+BQ17+BT17) -> 0 | BW17: =D17-E17 -> 0
A18: 45906 | B18: 0 | C18: 0 | D18: =C18-B18-G18-F18 -> 0 | E18: =IF(C18>0,$F$1,0) -> 0 | F18: 0 | H18: =IF(E18>D18,"-","+") -> + | I18: =IF(D18>E18,D18-E18,(IF(D18=E18,0,E18-D18))) -> 0 | J18: =N18+O18+R18+U18+X18+AA18+AD18+AG18+AJ18+AM18+AP18+AS18+AV18+AY18+BB18+BE18+BH18+BK18+BN18+BQ18+BT18 -> 0 | K18: =IF(D18=J18,"ok","check") -> ok | N18: =D18-(O18+R18+U18+X18+AA18+AD18+AG18+AJ18+AM18+AP18+AS18+AV18+AY18+BB18+BE18+BH18+BK18+BN18+BQ18+BT18) -> 0 | BW18: =D18-E18 -> 0
A19: 45907 | B19: 0 | C19: 0 | D19: =C19-B19-G19-F19 -> 0 | E19: =IF(C19>0,$F$1,0) -> 0 | F19: 0 | H19: =IF(E19>D19,"-","+") -> + | I19: =IF(D19>E19,D19-E19,(IF(D19=E19,0,E19-D19))) -> 0 | J19: =N19+O19+R19+U19+X19+AA19+AD19+AG19+AJ19+AM19+AP19+AS19+AV19+AY19+BB19+BE19+BH19+BK19+BN19+BQ19+BT19 -> 0 | K19: =IF(D19=J19,"ok","check") -> ok | N19: =D19-(O19+R19+U19+X19+AA19+AD19+AG19+AJ19+AM19+AP19+AS19+AV19+AY19+BB19+BE19+BH19+BK19+BN19+BQ19+BT19) -> 0 | BW19: =D19-E19 -> 0
A20: 45908 | B20: 0 | C20: 0 | D20: =C20-B20-G20-F20 -> 0 | E20: =IF(C20>0,$F$1,0) -> 0 | F20: 0 | H20: =IF(E20>D20,"-","+") -> + | I20: =IF(D20>E20,D20-E20,(IF(D20=E20,0,E20-D20))) -> 0 | J20: =N20+O20+R20+U20+X20+AA20+AD20+AG20+AJ20+AM20+AP20+AS20+AV20+AY20+BB20+BE20+BH20+BK20+BN20+BQ20+BT20 -> 0 | K20: =IF(D20=J20,"ok","check") -> ok | N20: =D20-(O20+R20+U20+X20+AA20+AD20+AG20+AJ20+AM20+AP20+AS20+AV20+AY20+BB20+BE20+BH20+BK20+BN20+BQ20+BT20) -> 0 | BW20: =D20-E20 -> 0
A21: 45909 | B21: 0 | C21: 0 | D21: =C21-B21-G21-F21 -> 0 | E21: =IF(C21>0,$F$1,0) -> 0 | F21: 0 | H21: =IF(E21>D21,"-","+") -> + | I21: =IF(D21>E21,D21-E21,(IF(D21=E21,0,E21-D21))) -> 0 | J21: =N21+O21+R21+U21+X21+AA21+AD21+AG21+AJ21+AM21+AP21+AS21+AV21+AY21+BB21+BE21+BH21+BK21+BN21+BQ21+BT21 -> 0 | K21: =IF(D21=J21,"ok","check") -> ok | N21: =D21-(O21+R21+U21+X21+AA21+AD21+AG21+AJ21+AM21+AP21+AS21+AV21+AY21+BB21+BE21+BH21+BK21+BN21+BQ21+BT21) -> 0 | BW21: =D21-E21 -> 0
A22: 45910 | B22: 0 | C22: 0 | D22: =C22-B22-G22-F22 -> 0 | E22: =IF(C22>0,$F$1,0) -> 0 | F22: 0 | H22: =IF(E22>D22,"-","+") -> + | I22: =IF(D22>E22,D22-E22,(IF(D22=E22,0,E22-D22))) -> 0 | J22: =N22+O22+R22+U22+X22+AA22+AD22+AG22+AJ22+AM22+AP22+AS22+AV22+AY22+BB22+BE22+BH22+BK22+BN22+BQ22+BT22 -> 0 | K22: =IF(D22=J22,"ok","check") -> ok | N22: =D22-(O22+R22+U22+X22+AA22+AD22+AG22+AJ22+AM22+AP22+AS22+AV22+AY22+BB22+BE22+BH22+BK22+BN22+BQ22+BT22) -> 0 | BW22: =D22-E22 -> 0
A23: 45911 | B23: 0 | C23: 0 | D23: =C23-B23-G23-F23 -> 0 | E23: =IF(C23>0,$F$1,0) -> 0 | F23: 0 | H23: =IF(E23>D23,"-","+") -> + | I23: =IF(D23>E23,D23-E23,(IF(D23=E23,0,E23-D23))) -> 0 | J23: =N23+O23+R23+U23+X23+AA23+AD23+AG23+AJ23+AM23+AP23+AS23+AV23+AY23+BB23+BE23+BH23+BK23+BN23+BQ23+BT23 -> 0 | K23: =IF(D23=J23,"ok","check") -> ok | N23: =D23-(O23+R23+U23+X23+AA23+AD23+AG23+AJ23+AM23+AP23+AS23+AV23+AY23+BB23+BE23+BH23+BK23+BN23+BQ23+BT23) -> 0 | BW23: =D23-E23 -> 0
A24: 45912 | B24: 0 | C24: 0 | D24: =C24-B24-G24-F24 -> 0 | E24: =IF(C24>0,$F$1,0) -> 0 | F24: 0 | H24: =IF(E24>D24,"-","+") -> + | I24: =IF(D24>E24,D24-E24,(IF(D24=E24,0,E24-D24))) -> 0 | J24: =N24+O24+R24+U24+X24+AA24+AD24+AG24+AJ24+AM24+AP24+AS24+AV24+AY24+BB24+BE24+BH24+BK24+BN24+BQ24+BT24 -> 0 | K24: =IF(D24=J24,"ok","check") -> ok | N24: =D24-(O24+R24+U24+X24+AA24+AD24+AG24+AJ24+AM24+AP24+AS24+AV24+AY24+BB24+BE24+BH24+BK24+BN24+BQ24+BT24) -> 0 | BW24: =D24-E24 -> 0
... A37: 45925 | B37: 0 | C37: 0 | D37: =C37-B37-G37-F37 -> 0 | E37: =IF(C37>0,$F$1,0) -> 0 | F37: 0 | H37: =IF(E37>D37,"-","+") -> + | I37: =IF(D37>E37,D37-E37,(IF(D37=E37,0,E37-D37))) -> 0 | J37: =N37+O37+R37+U37+X37+AA37+AD37+AG37+AJ37+AM37+AP37+AS37+AV37+AY37+BB37+BE37+BH37+BK37+BN37+BQ37+BT37 -> 0 | K37: =IF(D37=J37,"ok","check") -> ok | N37: =D37-(O37+R37+U37+X37+AA37+AD37+AG37+AJ37+AM37+AP37+AS37+AV37+AY37+BB37+BE37+BH37+BK37+BN37+BQ37+BT37) -> 0 | BW37: =D37-E37 -> 0
A38: 45926 | B38: 0 | C38: 0 | D38: =C38-B38-G38-F38 -> 0 | E38: 0 | F38: 0 | H38: =IF(E38>D38,"-","+") -> + | I38: =IF(D38>E38,D38-E38,(IF(D38=E38,0,E38-D38))) -> 0 | J38: =N38+O38+R38+U38+X38+AA38+AD38+AG38+AJ38+AM38+AP38+AS38+AV38+AY38+BB38+BE38+BH38+BK38+BN38+BQ38+BT38 -> 0 | K38: =IF(D38=J38,"ok","check") -> ok | N38: =D38-(O38+R38+U38+X38+AA38+AD38+AG38+AJ38+AM38+AP38+AS38+AV38+AY38+BB38+BE38+BH38+BK38+BN38+BQ38+BT38) -> 0 | BW38: =D38-E38 -> 0
A39: 45927 | B39: 0 | C39: 0 | D39: =C39-B39-G39-F39 -> 0 | E39: =IF(C39>0,$F$1,0) -> 0 | F39: 0 | H39: =IF(E39>D39,"-","+") -> + | I39: =IF(D39>E39,D39-E39,(IF(D39=E39,0,E39-D39))) -> 0 | J39: =N39+O39+R39+U39+X39+AA39+AD39+AG39+AJ39+AM39+AP39+AS39+AV39+AY39+BB39+BE39+BH39+BK39+BN39+BQ39+BT39 -> 0 | K39: =IF(D39=J39,"ok","check") -> ok | N39: =D39-(O39+R39+U39+X39+AA39+AD39+AG39+AJ39+AM39+AP39+AS39+AV39+AY39+BB39+BE39+BH39+BK39+BN39+BQ39+BT39) -> 0 | BW39: =D39-E39 -> 0
A40: 45928 | B40: 0 | C40: 0 | D40: =C40-B40-G40-F40 -> 0 | E40: =IF(C40>0,$F$1,0) -> 0 | F40: 0 | H40: =IF(E40>D40,"-","+") -> + | I40: =IF(D40>E40,D40-E40,(IF(D40=E40,0,E40-D40))) -> 0 | J40: =N40+O40+R40+U40+X40+AA40+AD40+AG40+AJ40+AM40+AP40+AS40+AV40+AY40+BB40+BE40+BH40+BK40+BN40+BQ40+BT40 -> 0 | K40: =IF(D40=J40,"ok","check") -> ok | N40: =D40-(O40+R40+U40+X40+AA40+AD40+AG40+AJ40+AM40+AP40+AS40+AV40+AY40+BB40+BE40+BH40+BK40+BN40+BQ40+BT40) -> 0 | BW40: =D40-E40 -> 0
A41: 45929 | B41: 0 | C41: 0 | D41: =C41-B41-G41-F41 -> 0 | E41: =IF(C41>0,$F$1,0) -> 0 | F41: 0 | H41: =IF(E41>D41,"-","+") -> + | I41: =IF(D41>E41,D41-E41,(IF(D41=E41,0,E41-D41))) -> 0 | J41: =N41+O41+R41+U41+X41+AA41+AD41+AG41+AJ41+AM41+AP41+AS41+AV41+AY41+BB41+BE41+BH41+BK41+BN41+BQ41+BT41 -> 0 | K41: =IF(D41=J41,"ok","check") -> ok | N41: =D41-(O41+R41+U41+X41+AA41+AD41+AG41+AJ41+AM41+AP41+AS41+AV41+AY41+BB41+BE41+BH41+BK41+BN41+BQ41+BT41) -> 0 | BW41: =D41-E41 -> 0
A42: 45930 | B42: 0 | C42: 0 | D42: =C42-B42-G42-F42 -> 0 | E42: =IF(C42>0,$F$1,0) -> 0 | F42: 0 | H42: =IF(E42>D42,"-","+") -> + | I42: =IF(D42>E42,D42-E42,(IF(D42=E42,0,E42-D42))) -> 0 | J42: =N42+O42+R42+U42+X42+AA42+AD42+AG42+AJ42+AM42+AP42+AS42+AV42+AY42+BB42+BE42+BH42+BK42+BN42+BQ42+BT42 -> 0 | K42: =IF(D42=J42,"ok","check") -> ok | N42: =D42-(O42+R42+U42+X42+AA42+AD42+AG42+AJ42+AM42+AP42+AS42+AV42+AY42+BB42+BE42+BH42+BK42+BN42+BQ42+BT42) -> 0 | BW42: =D42-E42 -> 0
A43: Total Time | D43: =SUM(D6:D42) -> 0 | E43: =SUM(E6:E42) -> 0 | H43: =IF(E43>D43,"-","+") -> + | I43: =IF(D43>E43,D43-E43,(IF(D43=E43,0,E43-D43))) -> 0 | J43: =SUM(J6:J42) -> 0 | K43: =IF(D43=J43,"ok","check") -> ok | N43: =SUM(N6:N42) -> 0 | O43: =SUM(O13:O42) -> 0 | P43: =SUM(P13:P42) -> 0 | Q43: =SUM(Q13:Q42) -> 0 | R43: =SUM(R13:R42) -> 0 | S43: =SUM(S13:S42) -> 0 | T43: =SUM(T13:T42) -> 0 | U43: =SUM(U13:U42) -> 0 | V43: =SUM(V13:V42) -> 0 | ... BW43: =SUM(BW13:BW42) -> 0
A46: =A1 -> Name Surname | F46: =A13 -> 45901
A48: Project Number | B48: Project Name | D48: Project Time | H48: Hours | X48: =9999/10 -> 999.9
A49: =O11 -> Project Number 1 | B49: =O10 -> Project Name 1 | D49: =O43 -> 0 | H49: =D49*24 -> 0
A50: =R11 -> Project Number 2 | B50: =R10 -> Project Name 2 | D50: =R43 -> 0 | H50: =D50*24 -> 0
A51: =U11 -> Project Number 3 | B51: =U10 -> Project Name 3 | D51: =U43 -> 0 | H51: =D51*24 -> 0
A52: =X11 -> Project Number 4 | B52: =X10 -> Project Name 4 | D52: =X43 -> 0 | H52: =D52*24 -> 0
A53: =AA11 -> Project Number 5 | B53: =AA10 -> Project Name 5 | D53: =AA43 -> 0 | H53: =D53*24 -> 0
A54: =AD11 -> Project Number 6 | B54: =AD10 -> Project Name 6 | D54: =AD43 -> 0 | H54: =D54*24 -> 0
A55: =AG11 -> Project Number 7 | B55: =AG10 -> Project Name 7 | D55: =AG43 -> 0 | H55: =D55*24 -> 0
A56: =AJ11 -> Project Number 8 | B56: =AJ10 -> Project Name 8 | D56: =AJ43 -> 0 | H56: =D56*24 -> 0
A57: =AM11 -> Project Number 9 | B57: =AM10 -> Project Name 9 | D57: =AM43 -> 0 | H57: =D57*24 -> 0
A58: =AP11 -> Project Number 10 | B58: =AP10 -> Project Name 10 | D58: =AP43 -> 0 | H58: =D58*24 -> 0
A59: =AS11 -> Project Number 11 | B59: =AS10 -> Project Name 11 | D59: =AS43 -> 0 | H59: =D59*24 -> 0
A60: =AV11 -> Project Number 12 | B60: =AV10 -> Project Name 12 | D60: =AV43 -> 0 | H60: =D60*24 -> 0
A61: =AY11 -> Project Number 13 | B61: =AY10 -> Project Name 13 | D61: =AY43 -> 0 | H61: =D61*24 -> 0
A62: =BB11 -> Project Number 14 | B62: =BB10 -> Project Name 14 | D62: =BB43 -> 0 | H62: =D62*24 -> 0
A63: =BE11 -> Project Number 15 | B63: =BE10 -> Project Name 15 | D63: =BE43 -> 0 | H63: =D63*24 -> 0
A64: =BH11 -> Project Number 16 | B64: =BH10 -> Project Name 16 | D64: =BH43 -> 0 | H64: =D64*24 -> 0
A65: =BK11 -> Project Number 17 | B65: =BK10 -> Project Name 17 | D65: =BK43 -> 0 | H65: =D65*24 -> 0
A66: =BN11 -> Project Number 18 | B66: =BN10 -> Project Name 18 | D66: =BN43 -> 0 | H66: =D66*24 -> 0
A67: =BQ11 -> Project Number 19 | B67: =BQ10 -> Project Name 19 | D67: =BQ43 -> 0 | H67: =D67*24 -> 0
A68: =BT11 -> Project Number 20 | B68: =BT10 -> Project Name 20 | D68: =BT43 -> 0 | H68: =D68*24 -> 0
A69: general acitvity | B69: general acitvity | D69: =N43 -> 0 | H69: =D69*24 -> 0
A70: overall results | D70: =D43 -> 0 | H70: =SUM(H49:I69) -> 0
A73: Monthly Result | E73: =H4 -> - | F73: =IF(I4>=0,I4,"Negative") -> 0
A75: Carried over of the previous month | E75: =H6 -> + | F75: =I6 -> -6.6666667
A76: overtime of the previous month | E76: =H7 -> - | F76: =I7 -> 0
A77: overall result: | E77: =H8 -> + | F77: =I8 -> -7.5
A78: overtime overall result | E78: =H9 -> + | F78: =I9 -> 18.75
A79: Current outstanding holidays | F79: =I10 -> 0
A80: spent holidays this month
A81: =A46 -> Name Surname | B81: Signature: __________________________

Sheet October
A1: =September!A1 -> Name Surname | C1: Target Time: | F1: =September!F1 -> 0.32083333
A2: =September!A2 -> Email | C2: Working hours billed: | F2: 0 | K2: =25/12 -> 2.0833333 | N2: 0.83333333
A3: =September!A3 -> Role
A4: =September!A4 -> Vienna | E4: Monthly Result | H4: =IF(I4>0,"+","-") -> - | I4: =BW44 -> 0
D5: overtime of the current month | H5: + | I5: =I4-N2 -> -0.83333333
A6: Status | D6: overtime of the previous month | H6: + | I6: =September!I8 -> -7.5
A7: sick = s | D7: comp time or accounting | H7: - | I7: 0
A8: comp time = c | D8: overtime overall result | H8: + | I8: =I5+I6-I7 -> -8.3333333
A9: holiday = h | D9: outstanding holidays | H9: =IF(I9>0,"+","-") -> + | I9: =September!I9+K2-I10 -> 20.833333 | K9: =I9+((0+(0/60))/8) -> 20.833333 | O9: Please fill in the Project Name and the Project Number for each Project you are working for
A10: no work day = n | D10: spent holidays | I10: 0 | M10: insert shortcut | N10: General Activity | O10: =September!O10 -> Project Name 1 | R10: =September!R10 -> Project Name 2 | U10: =September!U10 -> Project Name 3 | X10: =September!X10 -> Project Name 4 | AA10: =September!AA10 -> Project Name 5 | AD10: =September!AD10 -> Project Name 6 | AG10: =September!AG10 -> Project Name 7 | AJ10: =September!AJ10 -> Project Name 8 | AM10: =September!AM10 -> Project Name 9 | AP10: =September!AP10 -> Project Name 10 | AS10: =September!AS10 -> Project Name 11 | AV10: =September!AV10 -> Project Name 12 | AY10: =September!AY10 -> Project Name 13 | BB10: =September!BB10 -> Project Name 14 | BE10: =September!BE10 -> Project Name 15 | BH10: =September!BH10 -> Project Name 16 | BK10: =September!BK10 -> Project Name 17 | BN10: =September!BN10 -> Project Name 18 | BQ10: =September!BQ10 -> Project Name 19 | BT10: =September!BT10 -> Project Name 20
A11: Business Trip = b | M11: Status | N11: =September!N11 -> General Activity Name Surname | O11: =September!O11 -> Project Number 1 | P11: =September!P11 -> Interviews | Q11: =September!Q11 -> Database | R11: =September!R11 -> Project Number 2 | S11: =September!S11 -> Interviews | T11: =September!T11 -> Database | U11: =September!U11 -> Project Number 3 | ... BV11: =September!BV11 -> Database
A12: Date | B12: Start | C12: End | D12: Time | E12: Target | F12: Breaks | I12: +/- | J12: Accounting | K12: Control | M12: c/s/h/n/b | N12: Hours | O12: Project Total Hours | P12: Number | Q12: Hours | R12: Project Total Hours | S12: Number | T12: Hours | U12: Project Total Hours | V12: Number | W12: Hours | X12: Project Total Hours | Y12: Number | Z12: Hours | AA12: Project Total Hours | AB12: Number | AC12: Hours | AD12: Project Total Hours | AE12: Number | AF12: Hours | AG12: Project Total Hours | AH12: Number | AI12: Hours | AJ12: Project Total Hours | AK12: Number | AL12: Hours | AM12: Project Total Hours | AN12: Number | AO12: Hours | AP12: Project Total Hours | AQ12: Number | AR12: Hours | AS12: Project Total Hours | AT12: Number | AU12: Hours | AV12: Project Total Hours | AW12: Number | AX12: Hours | AY12: Project Total Hours | AZ12: Number | BA12: Hours | BB12: Project Total Hours | BC12: Number | BD12: Hours | BE12: Project Total Hours | BF12: Number | BG12: Hours | BH12: Project Total Hours | BI12: Number | BJ12: Hours | BK12: Project Total Hours | BL12: Number | BM12: Hours | BN12: Project Total Hours | BO12: Number | BP12: Hours | BQ12: Project Total Hours | BR12: Number | BS12: Hours | BT12: Project Total Hours | BU12: Number | BV12: Hours
A13: 45931 | B13: 0 | C13: 0 | D13: =C13-B13-G13-F13 -> 0 | E13: =IF(C13>0,$F$1,0) -> 0 | F13: 0 | H13: =IF(E13>D13,"-","+") -> + | I13: =IF(D13>E13,D13-E13,(IF(D13=E13,0,E13-D13))) -> 0 | J13: =N13+O13+R13+U13+X13+AA13+AD13+AG13+AJ13+AM13+AP13+AS13+AV13+AY13+BB13+BE13+BH13+BK13+BN13+BQ13+BT13 -> 0 | K13: =IF(D13=J13,"ok","check") -> ok | N13: =D13-(O13+R13+U13+X13+AA13+AD13+AG13+AJ13+AM13+AP13+AS13+AV13+AY13+BB13+BE13+BH13+BK13+BN13+BQ13+BT13) -> 0 | BW13: =D13-E13 -> 0
A14: 45932 | B14: 0 | C14: 0 | D14: =C14-B14-G14-F14 -> 0 | E14: =IF(C14>0,$F$1,0) -> 0 | F14: 0 | H14: =IF(E14>D14,"-","+") -> + | I14: =IF(D14>E14,D14-E14,(IF(D14=E14,0,E14-D14))) -> 0 | J14: =N14+O14+R14+U14+X14+AA14+AD14+AG14+AJ14+AM14+AP14+AS14+AV14+AY14+BB14+BE14+BH14+BK14+BN14+BQ14+BT14 -> 0 | K14: =IF(D14=J14,"ok","check") -> ok | N14: =D14-(O14+R14+U14+X14+AA14+AD14+AG14+AJ14+AM14+AP14+AS14+AV14+AY14+BB14+BE14+BH14+BK14+BN14+BQ14+BT14) -> 0 | BW14: =D14-E14 -> 0
A15: 45933 | B15: 0 | C15: 0 | D15: =C15-B15-G15-F15 -> 0 | E15: =IF(C15>0,$F$1,0) -> 0 | F15: 0 | H15: =IF(E15>D15,"-","+") -> + | I15: =IF(D15>E15,D15-E15,(IF(D15=E15,0,E15-D15))) -> 0 | J15: =N15+O15+R15+U15+X15+AA15+AD15+AG15+AJ15+AM15+AP15+AS15+AV15+AY15+BB15+BE15+BH15+BK15+BN15+BQ15+BT15 -> 0 | K15: =IF(D15=J15,"ok","check") -> ok | N15: =D15-(O15+R15+U15+X15+AA15+AD15+AG15+AJ15+AM15+AP15+AS15+AV15+AY15+BB15+BE15+BH15+BK15+BN15+BQ15+BT15) -> 0 | BW15: =D15-E15 -> 0
A16: 45934 | B16: 0 | C16: 0 | D16: =C16-B16-G16-F16 -> 0 | E16: =IF(C16>0,$F$1,0) -> 0 | F16: 0 | H16: =IF(E16>D16,"-","+") -> + | I16: =IF(D16>E16,D16-E16,(IF(D16=E16,0,E16-D16))) -> 0 | J16: =N16+O16+R16+U16+X16+AA16+AD16+AG16+AJ16+AM16+AP16+AS16+AV16+AY16+BB16+BE16+BH16+BK16+BN16+BQ16+BT16 -> 0 | K16: =IF(D16=J16,"ok","check") -> ok | N16: =D16-(O16+R16+U16+X16+AA16+AD16+AG16+AJ16+AM16+AP16+AS16+AV16+AY16+BB16+BE16+BH16+BK16+BN16+BQ16+BT16) -> 0 | BW16: =D16-E16 -> 0
A17: 45935 | B17: 0 | C17: 0 | D17: =C17-B17-G17-F17 -> 0 | E17: =IF(C17>0,$F$1,0) -> 0 | F17: 0 | H17: =IF(E17>D17,"-","+") -> + | I17: =IF(D17>E17,D17-E17,(IF(D17=E17,0,E17-D17))) -> 0 | J17: =N17+O17+R17+U17+X17+AA17+AD17+AG17+AJ17+AM17+AP17+AS17+AV17+AY17+BB17+BE17+BH17+BK17+BN17+BQ17+BT17 -> 0 | K17: =IF(D17=J17,"ok","check") -> ok | N17: =D17-(O17+R17+U17+X17+AA17+AD17+AG17+AJ17+AM17+AP17+AS17+AV17+AY17+BB17+BE17+BH17+BK17+BN17+BQ17+BT17) -> 0 | BW17: =D17-E17 -> 0
A18: 45936 | B18: 0 | C18: 0 | D18: =C18-B18-G18-F18 -> 0 | E18: =IF(C18>0,$F$1,0) -> 0 | F18: 0 | H18: =IF(E18>D18,"-","+") -> + | I18: =IF(D18>E18,D18-E18,(IF(D18=E18,0,E18-D18))) -> 0 | J18: =N18+O18+R18+U18+X18+AA18+AD18+AG18+AJ18+AM18+AP18+AS18+AV18+AY18+BB18+BE18+BH18+BK18+BN18+BQ18+BT18 -> 0 | K18: =IF(D18=J18,"ok","check") -> ok | N18: =D18-(O18+R18+U18+X18+AA18+AD18+AG18+AJ18+AM18+AP18+AS18+AV18+AY18+BB18+BE18+BH18+BK18+BN18+BQ18+BT18) -> 0 | BW18: =D18-E18 -> 0
A19: 45937 | B19: 0 | C19: 0 | D19: =C19-B19-G19-F19 -> 0 | E19: =IF(C19>0,$F$1,0) -> 0 | F19: 0 | H19: =IF(E19>D19,"-","+") -> + | I19: =IF(D19>E19,D19-E19,(IF(D19=E19,0,E19-D19))) -> 0 | J19: =N19+O19+R19+U19+X19+AA19+AD19+AG19+AJ19+AM19+AP19+AS19+AV19+AY19+BB19+BE19+BH19+BK19+BN19+BQ19+BT19 -> 0 | K19: =IF(D19=J19,"ok","check") -> ok | N19: =D19-(O19+R19+U19+X19+AA19+AD19+AG19+AJ19+AM19+AP19+AS19+AV19+AY19+BB19+BE19+BH19+BK19+BN19+BQ19+BT19) -> 0 | BW19: =D19-E19 -> 0
A20: 45938 | B20: 0 | C20: 0 | D20: =C20-B20-G20-F20 -> 0 | E20: =IF(C20>0,$F$1,0) -> 0 | F20: 0 | H20: =IF(E20>D20,"-","+") -> + | I20: =IF(D20>E20,D20-E20,(IF(D20=E20,0,E20-D20))) -> 0 | J20: =N20+O20+R20+U20+X20+AA20+AD20+AG20+AJ20+AM20+AP20+AS20+AV20+AY20+BB20+BE20+BH20+BK20+BN20+BQ20+BT20 -> 0 | K20: =IF(D20=J20,"ok","check") -> ok | N20: =D20-(O20+R20+U20+X20+AA20+AD20+AG20+AJ20+AM20+AP20+AS20+AV20+AY20+BB20+BE20+BH20+BK20+BN20+BQ20+BT20) -> 0 | BW20: =D20-E20 -> 0
A21: 45939 | B21: 0 | C21: 0 | D21: =C21-B21-G21-F21 -> 0 | E21: =IF(C21>0,$F$1,0) -> 0 | F21: 0 | H21: =IF(E21>D21,"-","+") -> + | I21: =IF(D21>E21,D21-E21,(IF(D21=E21,0,E21-D21))) -> 0 | J21: =N21+O21+R21+U21+X21+AA21+AD21+AG21+AJ21+AM21+AP21+AS21+AV21+AY21+BB21+BE21+BH21+BK21+BN21+BQ21+BT21 -> 0 | K21: =IF(D21=J21,"ok","check") -> ok | N21: =D21-(O21+R21+U21+X21+AA21+AD21+AG21+AJ21+AM21+AP21+AS21+AV21+AY21+BB21+BE21+BH21+BK21+BN21+BQ21+BT21) -> 0 | BW21: =D21-E21 -> 0
A22: 45940 | B22: 0 | C22: 0 | D22: =C22-B22-G22-F22 -> 0 | E22: =IF(C22>0,$F$1,0) -> 0 | F22: 0 | H22: =IF(E22>D22,"-","+") -> + | I22: =IF(D22>E22,D22-E22,(IF(D22=E22,0,E22-D22))) -> 0 | J22: =N22+O22+R22+U22+X22+AA22+AD22+AG22+AJ22+AM22+AP22+AS22+AV22+AY22+BB22+BE22+BH22+BK22+BN22+BQ22+BT22 -> 0 | K22: =IF(D22=J22,"ok","check") -> ok | N22: =D22-(O22+R22+U22+X22+AA22+AD22+AG22+AJ22+AM22+AP22+AS22+AV22+AY22+BB22+BE22+BH22+BK22+BN22+BQ22+BT22) -> 0 | BW22: =D22-E22 -> 0
A23: 45941 | B23: 0 | C23: 0 | D23: =C23-B23-G23-F23 -> 0 | E23: =IF(C23>0,$F$1,0) -> 0 | F23: 0 | H23: =IF(E23>D23,"-","+") -> + | I23: =IF(D23>E23,D23-E23,(IF(D23=E23,0,E23-D23))) -> 0 | J23: =N23+O23+R23+U23+X23+AA23+AD23+AG23+AJ23+AM23+AP23+AS23+AV23+AY23+BB23+BE23+BH23+BK23+BN23+BQ23+BT23 -> 0 | K23: =IF(D23=J23,"ok","check") -> ok | N23: =D23-(O23+R23+U23+X23+AA23+AD23+AG23+AJ23+AM23+AP23+AS23+AV23+AY23+BB23+BE23+BH23+BK23+BN23+BQ23+BT23) -> 0 | BW23: =D23-E23 -> 0
A24: 45942 | B24: 0 | C24: 0 | D24: =C24-B24-G24-F24 -> 0 | E24: =IF(C24>0,$F$1,0) -> 0 | F24: 0 | H24: =IF(E24>D24,"-","+") -> + | I24: =IF(D24>E24,D24-E24,(IF(D24=E24,0,E24-D24))) -> 0 | J24: =N24+O24+R24+U24+X24+AA24+AD24+AG24+AJ24+AM24+AP24+AS24+AV24+AY24+BB24+BE24+BH24+BK24+BN24+BQ24+BT24 -> 0 | K24: =IF(D24=J24,"ok","check") -> ok | N24: =D24-(O24+R24+U24+X24+AA24+AD24+AG24+AJ24+AM24+AP24+AS24+AV24+AY24+BB24+BE24+BH24+BK24+BN24+BQ24+BT24) -> 0 | BW24: =D24-E24 -> 0
... A41: 45959 | B41: 0 | C41: 0 | D41: =C41-B41-G41-F41 -> 0 | E41: =IF(C41>0,$F$1,0) -> 0 | F41: 0 | H41: =IF(E41>D41,"-","+") -> + | I41: =IF(D41>E41,D41-E41,(IF(D41=E41,0,E41-D41))) -> 0 | J41: =N41+O41+R41+U41+X41+AA41+AD41+AG41+AJ41+AM41+AP41+AS41+AV41+AY41+BB41+BE41+BH41+BK41+BN41+BQ41+BT41 -> 0 | K41: =IF(D41=J41,"ok","check") -> ok | N41: =D41-(O41+R41+U41+X41+AA41+AD41+AG41+AJ41+AM41+AP41+AS41+AV41+AY41+BB41+BE41+BH41+BK41+BN41+BQ41+BT41) -> 0 | BW41: =D41-E41 -> 0
A42: 45960 | B42: 0 | C42: 0 | D42: =C42-B42-G42-F42 -> 0 | E42: 0 | F42: 0 | H42: =IF(E42>D42,"-","+") -> + | I42: =IF(D42>E42,D42-E42,(IF(D42=E42,0,E42-D42))) -> 0 | J42: =N42+O42+R42+U42+X42+AA42+AD42+AG42+AJ42+AM42+AP42+AS42+AV42+AY42+BB42+BE42+BH42+BK42+BN42+BQ42+BT42 -> 0 | K42: =IF(D42=J42,"ok","check") -> ok | N42: =D42-(O42+R42+U42+X42+AA42+AD42+AG42+AJ42+AM42+AP42+AS42+AV42+AY42+BB42+BE42+BH42+BK42+BN42+BQ42+BT42) -> 0 | BW42: =D42-E42 -> 0
A43: 45961 | B43: 0 | C43: 0 | D43: =C43-B43-G43-F43 -> 0 | E43: =IF(C43>0,$F$1,0) -> 0 | F43: 0 | H43: =IF(E43>D43,"-","+") -> + | I43: =IF(D43>E43,D43-E43,(IF(D43=E43,0,E43-D43))) -> 0 | J43: =N43+O43+R43+U43+X43+AA43+AD43+AG43+AJ43+AM43+AP43+AS43+AV43+AY43+BB43+BE43+BH43+BK43+BN43+BQ43+BT43 -> 0 | K43: =IF(D43=J43,"ok","check") -> ok | N43: =D43-(O43+R43+U43+X43+AA43+AD43+AG43+AJ43+AM43+AP43+AS43+AV43+AY43+BB43+BE43+BH43+BK43+BN43+BQ43+BT43) -> 0 | BW43: =D43-E43 -> 0
A44: Total Time | D44: =SUM(D13:D43) -> 0 | E44: =SUM(E13:E43) -> 0 | H44: =IF(E44>D44,"-","+") -> + | I44: =IF(D44>E44,D44-E44,(IF(D44=E44,0,E44-D44))) -> 0 | J44: =SUM(J13:J43) -> 0 | K44: =IF(D44=J44,"ok","check") -> ok | N44: =SUM(N13:N43) -> 0 | O44: =SUM(O13:O43) -> 0 | P44: =SUM(P13:P43) -> 0 | Q44: =SUM(Q13:Q43) -> 0 | R44: =SUM(R13:R43) -> 0 | S44: =SUM(S13:S43) -> 0 | T44: =SUM(T13:T43) -> 0 | U44: =SUM(U13:U43) -> 0 | ... BW44: =SUM(BW13:BW43) -> 0
A47: =A1 -> Name Surname | F47: =A13 -> 45931
A49: Project Number | B49: Project Name | D49: Project Time | H49: Hours
A50: =O11 -> Project Number 1 | B50: =O10 -> Project Name 1 | D50: =O44 -> 0 | H50: =D50*24 -> 0
A51: =R11 -> Project Number 2 | B51: =R10 -> Project Name 2 | D51: =R44 -> 0 | H51: =D51*24 -> 0
A52: =U11 -> Project Number 3 | B52: =U10 -> Project Name 3 | D52: =U44 -> 0 | H52: =D52*24 -> 0
A53: =X11 -> Project Number 4 | B53: =X10 -> Project Name 4 | D53: =X44 -> 0 | H53: =D53*24 -> 0
A54: =AA11 -> Project Number 5 | B54: =AA10 -> Project Name 5 | D54: =AA44 -> 0 | H54: =D54*24 -> 0
A55: =AD11 -> Project Number 6 | B55: =AD10 -> Project Name 6 | D55: =AD44 -> 0 | H55: =D55*24 -> 0
A56: =AG11 -> Project Number 7 | B56: =AG10 -> Project Name 7 | D56: =AG44 -> 0 | H56: =D56*24 -> 0
A57: =AJ11 -> Project Number 8 | B57: =AJ10 -> Project Name 8 | D57: =AJ44 -> 0 | H57: =D57*24 -> 0
A58: =AM11 -> Project Number 9 | B58: =AM10 -> Project Name 9 | D58: =AM44 -> 0 | H58: =D58*24 -> 0
A59: =AP11 -> Project Number 10 | B59: =AP10 -> Project Name 10 | D59: =AP44 -> 0 | H59: =D59*24 -> 0
A60: =AS11 -> Project Number 11 | B60: =AS10 -> Project Name 11 | D60: =AS44 -> 0 | H60: =D60*24 -> 0
A61: =AV11 -> Project Number 12 | B61: =AV10 -> Project Name 12 | D61: =AV44 -> 0 | H61: =D61*24 -> 0
A62: =AY11 -> Project Number 13 | B62: =AY10 -> Project Name 13 | D62: =AY44 -> 0 | H62: =D62*24 -> 0
A63: =BB11 -> Project Number 14 | B63: =BB10 -> Project Name 14 | D63: =BB44 -> 0 | H63: =D63*24 -> 0
A64: =BE11 -> Project Number 15 | B64: =BE10 -> Project Name 15 | D64: =BE44 -> 0 | H64: =D64*24 -> 0
A65: =BH11 -> Project Number 16 | B65: =BH10 -> Project Name 16 | D65: =BH44 -> 0 | H65: =D65*24 -> 0
A66: =BK11 -> Project Number 17 | B66: =BK10 -> Project Name 17 | D66: =BK44 -> 0 | H66: =D66*24 -> 0
A67: =BN11 -> Project Number 18 | B67: =BN10 -> Project Name 18 | D67: =BN44 -> 0 | H67: =D67*24 -> 0
A68: =BQ11 -> Project Number 19 | B68: =BQ10 -> Project Name 19 | D68: =BQ44 -> 0 | H68: =D68*24 -> 0
A69: =BT11 -> Project Number 20 | B69: =BT10 -> Project Name 20 | D69: =BT44 -> 0 | H69: =D69*24 -> 0
A70: general acitvity | B70: general acitvity | D70: =N44 -> 0 | H70: =D70*24 -> 0
A71: overall results | D71: =D44 -> 0 | H71: =SUM(H50:I70) -> 0
A74: Monthly Result | E74: =H4 -> - | F74: =IF(I4>=0,I4,"Negative") -> 0
A76: overtime of the previous month | E76: =H6 -> + | F76: =I6 -> -7.5
A77: comp time or accounting | E77: =H7 -> - | F77: =I7 -> 0
A78: overtime overall result | E78: =H8 -> + | F78: =I8 -> -8.3333333
A79: Current outstanding holidays | E79: =H9 -> + | F79: =I9 -> 20.833333
A80: spent holidays this month | F80: =I10 -> 0
A82: =A47 -> Name Surname | B82: Signature: __________________________

Sheet November
A1: =October!A1 -> Name Surname | C1: Target Time: | F1: =October!F1 -> 0.32083333
A2: =October!A2 -> Email | C2: Working hours billed: | F2: 0 | K2: =25/12 -> 2.0833333 | N2: 0.83333333
A3: =October!A3 -> Role
A4: =October!A4 -> Vienna | E4: Monthly Result | H4: =IF(I4>0,"+","-") -> - | I4: =BW43 -> 0
D5: overtime of the current month | H5: + | I5: =I4-N2 -> -0.83333333
A6: Status | D6: overtime of the previous month | H6: + | I6: =October!I8 -> -8.3333333
A7: sick = s | D7: comp time or accounting | H7: - | I7: 0
A8: comp time = c | D8: overtime overall result | H8: + | I8: =I5+I6-I7 -> -9.1666667
A9: holiday = h | D9: outstanding holidays | H9: =IF(I9>0,"+","-") -> + | I9: =October!I9+K2-I10 -> 22.916667 | K9: =I9+((0+(0/60))/8) -> 22.916667 | O9: Please fill in the Project Name and the Project Number for each Project you are working for
A10: no work day = n | D10: spent holidays | I10: 0 | M10: insert shortcut | N10: General Activity | O10: =October!O10 -> Project Name 1 | R10: =October!R10 -> Project Name 2 | U10: =October!U10 -> Project Name 3 | X10: =October!X10 -> Project Name 4 | AA10: =October!AA10 -> Project Name 5 | AD10: =October!AD10 -> Project Name 6 | AG10: =October!AG10 -> Project Name 7 | AJ10: =October!AJ10 -> Project Name 8 | AM10: =October!AM10 -> Project Name 9 | AP10: =October!AP10 -> Project Name 10 | AS10: =October!AS10 -> Project Name 11 | AV10: =October!AV10 -> Project Name 12 | AY10: =October!AY10 -> Project Name 13 | BB10: =October!BB10 -> Project Name 14 | BE10: =October!BE10 -> Project Name 15 | BH10: =October!BH10 -> Project Name 16 | BK10: =October!BK10 -> Project Name 17 | BN10: =October!BN10 -> Project Name 18 | BQ10: =October!BQ10 -> Project Name 19 | BT10: =October!BT10 -> Project Name 20
A11: Business Trip = b | M11: Status | N11: =October!N11 -> General Activity Name Surname | O11: =October!O11 -> Project Number 1 | P11: =October!P11 -> Interviews | Q11: =October!Q11 -> Database | R11: =October!R11 -> Project Number 2 | S11: =October!S11 -> Interviews | T11: =October!T11 -> Database | U11: =October!U11 -> Project Number 3 | ... BV11: =October!BV11 -> Database
A12: Date | B12: Start | C12: End | D12: Time | E12: Target | F12: Breaks | I12: +/- | J12: Accounting | K12: Control | M12: c/s/h/n/b | N12: Hours | O12: Project Total Hours | P12: Number | Q12: Hours | R12: Project Total Hours | S12: Number | T12: Hours | U12: Project Total Hours | V12: Number | W12: Hours | X12: Project Total Hours | Y12: Number | Z12: Hours | AA12: Project Total Hours | AB12: Number | AC12: Hours | AD12: Project Total Hours | AE12: Number | AF12: Hours | AG12: Project Total Hours | AH12: Number | AI12: Hours | AJ12: Project Total Hours | AK12: Number | AL12: Hours | AM12: Project Total Hours | AN12: Number | AO12: Hours | AP12: Project Total Hours | AQ12: Number | AR12: Hours | AS12: Project Total Hours | AT12: Number | AU12: Hours | AV12: Project Total Hours | AW12: Number | AX12: Hours | AY12: Project Total Hours | AZ12: Number | BA12: Hours | BB12: Project Total Hours | BC12: Number | BD12: Hours | BE12: Project Total Hours | BF12: Number | BG12: Hours | BH12: Project Total Hours | BI12: Number | BJ12: Hours | BK12: Project Total Hours | BL12: Number | BM12: Hours | BN12: Project Total Hours | BO12: Number | BP12: Hours | BQ12: Project Total Hours | BR12: Number | BS12: Hours | BT12: Project Total Hours | BU12: Number | BV12: Hours
A13: 45962 | B13: 0 | C13: 0 | D13: =C13-B13-G13-F13 -> 0 | E13: =IF(C13>0,$F$1,0) -> 0 | F13: 0 | H13: =IF(E13>D13,"-","+") -> + | I13: =IF(D13>E13,D13-E13,(IF(D13=E13,0,E13-D13))) -> 0 | J13: =N13+O13+R13+U13+X13+AA13+AD13+AG13+AJ13+AM13+AP13+AS13+AV13+AY13+BB13+BE13+BH13+BK13+BN13+BQ13+BT13 -> 0 | K13: =IF(D13=J13,"ok","check") -> ok | N13: =D13-(O13+R13+U13+X13+AA13+AD13+AG13+AJ13+AM13+AP13+AS13+AV13+AY13+BB13+BE13+BH13+BK13+BN13+BQ13+BT13) -> 0 | BW13: =D13-E13 -> 0
A14: 45963 | B14: 0 | C14: 0 | D14: =C14-B14-G14-F14 -> 0 | E14: =IF(C14>0,$F$1,0) -> 0 | F14: 0 | H14: =IF(E14>D14,"-","+") -> + | I14: =IF(D14>E14,D14-E14,(IF(D14=E14,0,E14-D14))) -> 0 | J14: =N14+O14+R14+U14+X14+AA14+AD14+AG14+AJ14+AM14+AP14+AS14+AV14+AY14+BB14+BE14+BH14+BK14+BN14+BQ14+BT14 -> 0 | K14: =IF(D14=J14,"ok","check") -> ok | N14: =D14-(O14+R14+U14+X14+AA14+AD14+AG14+AJ14+AM14+AP14+AS14+AV14+AY14+BB14+BE14+BH14+BK14+BN14+BQ14+BT14) -> 0 | BW14: =D14-E14 -> 0
A15: 45964 | B15: 0 | C15: 0 | D15: =C15-B15-G15-F15 -> 0 | E15: =IF(C15>0,$F$1,0) -> 0 | F15: 0 | H15: =IF(E15>D15,"-","+") -> + | I15: =IF(D15>E15,D15-E15,(IF(D15=E15,0,E15-D15))) -> 0 | J15: =N15+O15+R15+U15+X15+AA15+AD15+AG15+AJ15+AM15+AP15+AS15+AV15+AY15+BB15+BE15+BH15+BK15+BN15+BQ15+BT15 -> 0 | K15: =IF(D15=J15,"ok","check") -> ok | N15: =D15-(O15+R15+U15+X15+AA15+AD15+AG15+AJ15+AM15+AP15+AS15+AV15+AY15+BB15+BE15+BH15+BK15+BN15+BQ15+BT15) -> 0 | BW15: =D15-E15 -> 0
A16: 45965 | B16: 0 | C16: 0 | D16: =C16-B16-G16-F16 -> 0 | E16: =IF(C16>0,$F$1,0) -> 0 | F16: 0 | H16: =IF(E16>D16,"-","+") -> + | I16: =IF(D16>E16,D16-E16,(IF(D16=E16,0,E16-D16))) -> 0 | J16: =N16+O16+R16+U16+X16+AA16+AD16+AG16+AJ16+AM16+AP16+AS16+AV16+AY16+BB16+BE16+BH16+BK16+BN16+BQ16+BT16 -> 0 | K16: =IF(D16=J16,"ok","check") -> ok | N16: =D16-(O16+R16+U16+X16+AA16+AD16+AG16+AJ16+AM16+AP16+AS16+AV16+AY16+BB16+BE16+BH16+BK16+BN16+BQ16+BT16) -> 0 | BW16: =D16-E16 -> 0
A17: 45966 | B17: 0 | C17: 0 | D17: =C17-B17-G17-F17 -> 0 | E17: =IF(C17>0,$F$1,0) -> 0 | F17: 0 | H17: =IF(E17>D17,"-","+") -> + | I17: =IF(D17>E17,D17-E17,(IF(D17=E17,0,E17-D17))) -> 0 | J17: =N17+O17+R17+U17+X17+AA17+AD17+AG17+AJ17+AM17+AP17+AS17+AV17+AY17+BB17+BE17+BH17+BK17+BN17+BQ17+BT17 -> 0 | K17: =IF(D17=J17,"ok","check") -> ok | N17: =D17-(O17+R17+U17+X17+AA17+AD17+AG17+AJ17+AM17+AP17+AS17+AV17+AY17+BB17+BE17+BH17+BK17+BN17+BQ17+BT17) -> 0 | BW17: =D17-E17 -> 0
A18: 45967 | B18: 0 | C18: 0 | D18: =C18-B18-G18-F18 -> 0 | E18: =IF(C18>0,$F$1,0) -> 0 | F18: 0 | H18: =IF(E18>D18,"-","+") -> + | I18: =IF(D18>E18,D18-E18,(IF(D18=E18,0,E18-D18))) -> 0 | J18: =N18+O18+R18+U18+X18+AA18+AD18+AG18+AJ18+AM18+AP18+AS18+AV18+AY18+BB18+BE18+BH18+BK18+BN18+BQ18+BT18 -> 0 | K18: =IF(D18=J18,"ok","check") -> ok | N18: =D18-(O18+R18+U18+X18+AA18+AD18+AG18+AJ18+AM18+AP18+AS18+AV18+AY18+BB18+BE18+BH18+BK18+BN18+BQ18+BT18) -> 0 | BW18: =D18-E18 -> 0
A19: 45968 | B19: 0 | C19: 0 | D19: =C19-B19-G19-F19 -> 0 | E19: =IF(C19>0,$F$1,0) -> 0 | F19: 0 | H19: =IF(E19>D19,"-","+") -> + | I19: =IF(D19>E19,D19-E19,(IF(D19=E19,0,E19-D19))) -> 0 | J19: =N19+O19+R19+U19+X19+AA19+AD19+AG19+AJ19+AM19+AP19+AS19+AV19+AY19+BB19+BE19+BH19+BK19+BN19+BQ19+BT19 -> 0 | K19: =IF(D19=J19,"ok","check") -> ok | N19: =D19-(O19+R19+U19+X19+AA19+AD19+AG19+AJ19+AM19+AP19+AS19+AV19+AY19+BB19+BE19+BH19+BK19+BN19+BQ19+BT19) -> 0 | BW19: =D19-E19 -> 0
A20: 45969 | B20: 0 | C20: 0 | D20: =C20-B20-G20-F20 -> 0 | E20: =IF(C20>0,$F$1,0) -> 0 | F20: 0 | H20: =IF(E20>D20,"-","+") -> + | I20: =IF(D20>E20,D20-E20,(IF(D20=E20,0,E20-D20))) -> 0 | J20: =N20+O20+R20+U20+X20+AA20+AD20+AG20+AJ20+AM20+AP20+AS20+AV20+AY20+BB20+BE20+BH20+BK20+BN20+BQ20+BT20 -> 0 | K20: =IF(D20=J20,"ok","check") -> ok | N20: =D20-(O20+R20+U20+X20+AA20+AD20+AG20+AJ20+AM20+AP20+AS20+AV20+AY20+BB20+BE20+BH20+BK20+BN20+BQ20+BT20) -> 0 | BW20: =D20-E20 -> 0
A21: 45970 | B21: 0 | C21: 0 | D21: =C21-B21-G21-F21 -> 0 | E21: =IF(C21>0,$F$1,0) -> 0 | F21: 0 | H21: =IF(E21>D21,"-","+") -> + | I21: =IF(D21>E21,D21-E21,(IF(D21=E21,0,E21-D21))) -> 0 | J21: =N21+O21+R21+U21+X21+AA21+AD21+AG21+AJ21+AM21+AP21+AS21+AV21+AY21+BB21+BE21+BH21+BK21+BN21+BQ21+BT21 -> 0 | K21: =IF(D21=J21,"ok","check") -> ok | N21: =D21-(O21+R21+U21+X21+AA21+AD21+AG21+AJ21+AM21+AP21+AS21+AV21+AY21+BB21+BE21+BH21+BK21+BN21+BQ21+BT21) -> 0 | BW21: =D21-E21 -> 0
A22: 45971 | B22: 0 | C22: 0 | D22: =C22-B22-G22-F22 -> 0 | E22: =IF(C22>0,$F$1,0) -> 0 | F22: 0 | H22: =IF(E22>D22,"-","+") -> + | I22: =IF(D22>E22,D22-E22,(IF(D22=E22,0,E22-D22))) -> 0 | J22: =N22+O22+R22+U22+X22+AA22+AD22+AG22+AJ22+AM22+AP22+AS22+AV22+AY22+BB22+BE22+BH22+BK22+BN22+BQ22+BT22 -> 0 | K22: =IF(D22=J22,"ok","check") -> ok | N22: =D22-(O22+R22+U22+X22+AA22+AD22+AG22+AJ22+AM22+AP22+AS22+AV22+AY22+BB22+BE22+BH22+BK22+BN22+BQ22+BT22) -> 0 | BW22: =D22-E22 -> 0
A23: 45972 | B23: 0 | C23: 0 | D23: =C23-B23-G23-F23 -> 0 | E23: =IF(C23>0,$F$1,0) -> 0 | F23: 0 | H23: =IF(E23>D23,"-","+") -> + | I23: =IF(D23>E23,D23-E23,(IF(D23=E23,0,E23-D23))) -> 0 | J23: =N23+O23+R23+U23+X23+AA23+AD23+AG23+AJ23+AM23+AP23+AS23+AV23+AY23+BB23+BE23+BH23+BK23+BN23+BQ23+BT23 -> 0 | K23: =IF(D23=J23,"ok","check") -> ok | N23: =D23-(O23+R23+U23+X23+AA23+AD23+AG23+AJ23+AM23+AP23+AS23+AV23+AY23+BB23+BE23+BH23+BK23+BN23+BQ23+BT23) -> 0 | BW23: =D23-E23 -> 0
A24: 45973 | B24: 0 | C24: 0 | D24: =C24-B24-G24-F24 -> 0 | E24: =IF(C24>0,$F$1,0) -> 0 | F24: 0 | H24: =IF(E24>D24,"-","+") -> + | I24: =IF(D24>E24,D24-E24,(IF(D24=E24,0,E24-D24))) -> 0 | J24: =N24+O24+R24+U24+X24+AA24+AD24+AG24+AJ24+AM24+AP24+AS24+AV24+AY24+BB24+BE24+BH24+BK24+BN24+BQ24+BT24 -> 0 | K24: =IF(D24=J24,"ok","check") -> ok | N24: =D24-(O24+R24+U24+X24+AA24+AD24+AG24+AJ24+AM24+AP24+AS24+AV24+AY24+BB24+BE24+BH24+BK24+BN24+BQ24+BT24) -> 0 | BW24: =D24-E24 -> 0
... A42: 45991 | B42: 0 | C42: 0 | D42: =C42-B42-G42-F42 -> 0 | E42: =IF(C42>0,$F$1,0) -> 0 | F42: 0 | H42: =IF(E42>D42,"-","+") -> + | I42: =IF(D42>E42,D42-E42,(IF(D42=E42,0,E42-D42))) -> 0 | J42: =N42+O42+R42+U42+X42+AA42+AD42+AG42+AJ42+AM42+AP42+AS42+AV42+AY42+BB42+BE42+BH42+BK42+BN42+BQ42+BT42 -> 0 | K42: =IF(D42=J42,"ok","check") -> ok | N42: =D42-(O42+R42+U42+X42+AA42+AD42+AG42+AJ42+AM42+AP42+AS42+AV42+AY42+BB42+BE42+BH42+BK42+BN42+BQ42+BT42) -> 0 | BW42: =D42-E42 -> 0
A43: Total Time | D43: =SUM(D12:D42) -> 0 | E43: =SUM(E12:E42) -> 0 | H43: =IF(E43>D43,"-","+") -> + | I43: =IF(D43>E43,D43-E43,(IF(D43=E43,0,E43-D43))) -> 0 | J43: =SUM(J12:J42) -> 0 | K43: =IF(D43=J43,"ok","check") -> ok | N43: =SUM(N13:N42) -> 0 | O43: =SUM(O13:O42) -> 0 | P43: =SUM(P13:P42) -> 0 | Q43: =SUM(Q13:Q42) -> 0 | R43: =SUM(R13:R42) -> 0 | S43: =SUM(S13:S42) -> 0 | T43: =SUM(T13:T42) -> 0 | U43: =SUM(U13:U42) -> 0 | ... BW43: =SUM(BW13:BW42) -> 0
A46: =A1 -> Name Surname | F46: =A13 -> 45962
A48: Project Number | B48: Project Name | D48: Project Time | H48: Hours
A49: =O11 -> Project Number 1 | B49: =O10 -> Project Name 1 | D49: =O43 -> 0 | H49: =D49*24 -> 0
A50: =R11 -> Project Number 2 | B50: =R10 -> Project Name 2 | D50: =R43 -> 0 | H50: =D50*24 -> 0
A51: =U11 -> Project Number 3 | B51: =U10 -> Project Name 3 | D51: =U43 -> 0 | H51: =D51*24 -> 0
A52: =X11 -> Project Number 4 | B52: =X10 -> Project Name 4 | D52: =X43 -> 0 | H52: =D52*24 -> 0
A53: =AA11 -> Project Number 5 | B53: =AA10 -> Project Name 5 | D53: =AA43 -> 0 | H53: =D53*24 -> 0
A54: =AD11 -> Project Number 6 | B54: =AD10 -> Project Name 6 | D54: =AD43 -> 0 | H54: =D54*24 -> 0
A55: =AG11 -> Project Number 7 | B55: =AG10 -> Project Name 7 | D55: =AG43 -> 0 | H55: =D55*24 -> 0
A56: =AJ11 -> Project Number 8 | B56: =AJ10 -> Project Name 8 | D56: =AJ43 -> 0 | H56: =D56*24 -> 0
A57: =AM11 -> Project Number 9 | B57: =AM10 -> Project Name 9 | D57: =AM43 -> 0 | H57: =D57*24 -> 0
A58: =AP11 -> Project Number 10 | B58: =AP10 -> Project Name 10 | D58: =AP43 -> 0 | H58: =D58*24 -> 0
A59: =AS11 -> Project Number 11 | B59: =AS10 -> Project Name 11 | D59: =AS43 -> 0 | H59: =D59*24 -> 0
A60: =AV11 -> Project Number 12 | B60: =AV10 -> Project Name 12 | D60: =AV43 -> 0 | H60: =D60*24 -> 0
A61: =AY11 -> Project Number 13 | B61: =AY10 -> Project Name 13 | D61: =AY43 -> 0 | H61: =D61*24 -> 0
A62: =BB11 -> Project Number 14 | B62: =BB10 -> Project Name 14 | D62: =BB43 -> 0 | H62: =D62*24 -> 0
A63: =BE11 -> Project Number 15 | B63: =BE10 -> Project Name 15 | D63: =BE43 -> 0 | H63: =D63*24 -> 0
A64: =BH11 -> Project Number 16 | B64: =BH10 -> Project Name 16 | D64: =BH43 -> 0 | H64: =D64*24 -> 0
A65: =BK11 -> Project Number 17 | B65: =BK10 -> Project Name 17 | D65: =BK43 -> 0 | H65: =D65*24 -> 0
A66: =BN11 -> Project Number 18 | B66: =BN10 -> Project Name 18 | D66: =BN43 -> 0 | H66: =D66*24 -> 0
A67: =BQ11 -> Project Number 19 | B67: =BQ10 -> Project Name 19 | D67: =BQ43 -> 0 | H67: =D67*24 -> 0
A68: =BT11 -> Project Number 20 | B68: =BT10 -> Project Name 20 | D68: =BT43 -> 0 | H68: =D68*24 -> 0
A69: general acitvity | B69: general acitvity | D69: =N43 -> 0 | H69: =D69*24 -> 0
A70: overall results | D70: =D43 -> 0 | H70: =SUM(H49:I69) -> 0
A73: Monthly Result | E73: =H4 -> - | F73: =IF(I4>=0,I4,"Negative") -> 0
A75: Carried over of the previous month | E75: =H6 -> + | F75: =I6 -> -8.3333333
A76: overtime of the previous month | E76: =H7 -> - | F76: =I7 -> 0
A77: overall result: | E77: =H8 -> + | F77: =I8 -> -9.1666667
A78: overtime overall result | E78: =H9 -> + | F78: =I9 -> 22.916667
A79: Current outstanding holidays | F79: =I10 -> 0
A80: spent holidays this month
A81: =A46 -> Name Surname | B81: Signature: __________________________

Sheet December
A1: =November!A1 -> Name Surname | C1: Target Time: | F1: =November!F1 -> 0.32083333
A2: =November!A2 -> Email | C2: Working hours billed: | F2: 0 | K2: =25/12 -> 2.0833333 | N2: 0.83333333
A3: =November!A3 -> Role
A4: =November!A4 -> Vienna | E4: Monthly Result | H4: =IF(I4>0,"+","-") -> - | I4: =BW44 -> 0
D5: overtime of the current month | H5: + | I5: =I4-N2 -> -0.83333333
A6: Status | D6: overtime of the previous month | H6: + | I6: =November!I8 -> -9.1666667
A7: sick = s | D7: comp time or accounting | H7: - | I7: 0
A8: comp time = c | D8: overtime overall result | H8: + | I8: =I5+I6-I7 -> -10 | K8: =IF(I8>N2,"Überstundenantrag","")
A9: holiday = h | D9: outstanding holidays | H9: =IF(I9>0,"+","-") -> + | I9: =November!I9+K2-I10 -> 25 | K9: =I9+((0+(0/60))/8) -> 25 | O9: Please fill in the Project Name and the Project Number for each Project you are working for
A10: no work day = n | D10: spent holidays | I10: 0 | M10: insert shortcut | N10: General Activity | O10: =November!O10 -> Project Name 1 | R10: =November!R10 -> Project Name 2 | U10: =November!U10 -> Project Name 3 | X10: =November!X10 -> Project Name 4 | AA10: =November!AA10 -> Project Name 5 | AD10: =November!AD10 -> Project Name 6 | AG10: =November!AG10 -> Project Name 7 | AJ10: =November!AJ10 -> Project Name 8 | AM10: =November!AM10 -> Project Name 9 | AP10: =November!AP10 -> Project Name 10 | AS10: =November!AS10 -> Project Name 11 | AV10: =November!AV10 -> Project Name 12 | AY10: =November!AY10 -> Project Name 13 | BB10: =November!BB10 -> Project Name 14 | BE10: =November!BE10 -> Project Name 15 | BH10: =November!BH10 -> Project Name 16 | BK10: =November!BK10 -> Project Name 17 | BN10: =November!BN10 -> Project Name 18 | BQ10: =November!BQ10 -> Project Name 19 | BT10: =November!BT10 -> Project Name 20
A11: Business Trip = b | M11: Status | N11: =November!N11 -> General Activity Name Surname | O11: =November!O11 -> Project Number 1 | P11: =November!P11 -> Interviews | Q11: =November!Q11 -> Database | R11: =November!R11 -> Project Number 2 | S11: =November!S11 -> Interviews | T11: =November!T11 -> Database | U11: =November!U11 -> Project Number 3 | ... BV11: =November!BV11 -> Database
A12: Date | B12: Start | C12: End | D12: Time | E12: Target | F12: Breaks | I12: +/- | J12: Accounting | K12: Control | M12: c/s/h/n/b | N12: Hours | O12: Project Total Hours | P12: Number | Q12: Hours | R12: Project Total Hours | S12: Number | T12: Hours | U12: Project Total Hours | V12: Number | W12: Hours | X12: Project Total Hours | Y12: Number | Z12: Hours | AA12: Project Total Hours | AB12: Number | AC12: Hours | AD12: Project Total Hours | AE12: Number | AF12: Hours | AG12: Project Total Hours | AH12: Number | AI12: Hours | AJ12: Project Total Hours | AK12: Number | AL12: Hours | AM12: Project Total Hours | AN12: Number | AO12: Hours | AP12: Project Total Hours | AQ12: Number | AR12: Hours | AS12: Project Total Hours | AT12: Number | AU12: Hours | AV12: Project Total Hours | AW12: Number | AX12: Hours | AY12: Project Total Hours | AZ12: Number | BA12: Hours | BB12: Project Total Hours | BC12: Number | BD12: Hours | BE12: Project Total Hours | BF12: Number | BG12: Hours | BH12: Project Total Hours | BI12: Number | BJ12: Hours | BK12: Project Total Hours | BL12: Number | BM12: Hours | BN12: Project Total Hours | BO12: Number | BP12: Hours | BQ12: Project Total Hours | BR12: Number | BS12: Hours | BT12: Project Total Hours | BU12: Number | BV12: Hours
A13: 45992 | B13: 0 | C13: 0 | D13: =C13-B13-G13-F13 -> 0 | E13: =IF(C13>0,$F$1,0) -> 0 | F13: 0 | H13: =IF(E13>D13,"-","+") -> + | I13: =IF(D13>E13,D13-E13,(IF(D13=E13,0,E13-D13))) -> 0 | J13: =N13+O13+R13+U13+X13+AA13+AD13+AG13+AJ13+AM13+AP13+AS13+AV13+AY13+BB13+BE13+BH13+BK13+BN13+BQ13+BT13 -> 0 | K13: =IF(D13=J13,"ok","check") -> ok | N13: =D13-(O13+R13+U13+X13+AA13+AD13+AG13+AJ13+AM13+AP13+AS13+AV13+AY13+BB13+BE13+BH13+BK13+BN13+BQ13+BT13) -> 0 | BW13: =D13-E13 -> 0
A14: 45993 | B14: 0 | C14: 0 | D14: =C14-B14-G14-F14 -> 0 | E14: =IF(C14>0,$F$1,0) -> 0 | F14: 0 | H14: =IF(E14>D14,"-","+") -> + | I14: =IF(D14>E14,D14-E14,(IF(D14=E14,0,E14-D14))) -> 0 | J14: =N14+O14+R14+U14+X14+AA14+AD14+AG14+AJ14+AM14+AP14+AS14+AV14+AY14+BB14+BE14+BH14+BK14+BN14+BQ14+BT14 -> 0 | K14: =IF(D14=J14,"ok","check") -> ok | N14: =D14-(O14+R14+U14+X14+AA14+AD14+AG14+AJ14+AM14+AP14+AS14+AV14+AY14+BB14+BE14+BH14+BK14+BN14+BQ14+BT14) -> 0 | BW14: =D14-E14 -> 0
A15: 45994 | B15: 0 | C15: 0 | D15: =C15-B15-G15-F15 -> 0 | E15: =IF(C15>0,$F$1,0) -> 0 | F15: 0 | H15: =IF(E15>D15,"-","+") -> + | I15: =IF(D15>E15,D15-E15,(IF(D15=E15,0,E15-D15))) -> 0 | J15: =N15+O15+R15+U15+X15+AA15+AD15+AG15+AJ15+AM15+AP15+AS15+AV15+AY15+BB15+BE15+BH15+BK15+BN15+BQ15+BT15 -> 0 | K15: =IF(D15=J15,"ok","check") -> ok | N15: =D15-(O15+R15+U15+X15+AA15+AD15+AG15+AJ15+AM15+AP15+AS15+AV15+AY15+BB15+BE15+BH15+BK15+BN15+BQ15+BT15) -> 0 | BW15: =D15-E15 -> 0
A16: 45995 | B16: 0 | C16: 0 | D16: =C16-B16-G16-F16 -> 0 | E16: =IF(C16>0,$F$1,0) -> 0 | F16: 0 | H16: =IF(E16>D16,"-","+") -> + | I16: =IF(D16>E16,D16-E16,(IF(D16=E16,0,E16-D16))) -> 0 | J16: =N16+O16+R16+U16+X16+AA16+AD16+AG16+AJ16+AM16+AP16+AS16+AV16+AY16+BB16+BE16+BH16+BK16+BN16+BQ16+BT16 -> 0 | K16: =IF(D16=J16,"ok","check") -> ok | N16: =D16-(O16+R16+U16+X16+AA16+AD16+AG16+AJ16+AM16+AP16+AS16+AV16+AY16+BB16+BE16+BH16+BK16+BN16+BQ16+BT16) -> 0 | BW16: =D16-E16 -> 0
A17: 45996 | B17: 0 | C17: 0 | D17: =C17-B17-G17-F17 -> 0 | E17: =IF(C17>0,$F$1,0) -> 0 | F17: 0 | H17: =IF(E17>D17,"-","+") -> + | I17: =IF(D17>E17,D17-E17,(IF(D17=E17,0,E17-D17))) -> 0 | J17: =N17+O17+R17+U17+X17+AA17+AD17+AG17+AJ17+AM17+AP17+AS17+AV17+AY17+BB17+BE17+BH17+BK17+BN17+BQ17+BT17 -> 0 | K17: =IF(D17=J17,"ok","check") -> ok | N17: =D17-(O17+R17+U17+X17+AA17+AD17+AG17+AJ17+AM17+AP17+AS17+AV17+AY17+BB17+BE17+BH17+BK17+BN17+BQ17+BT17) -> 0 | BW17: =D17-E17 -> 0
A18: 45997 | B18: 0 | C18: 0 | D18: =C18-B18-G18-F18 -> 0 | E18: =IF(C18>0,$F$1,0) -> 0 | F18: 0 | H18: =IF(E18>D18,"-","+") -> + | I18: =IF(D18>E18,D18-E18,(IF(D18=E18,0,E18-D18))) -> 0 | J18: =N18+O18+R18+U18+X18+AA18+AD18+AG18+AJ18+AM18+AP18+AS18+AV18+AY18+BB18+BE18+BH18+BK18+BN18+BQ18+BT18 -> 0 | K18: =IF(D18=J18,"ok","check") -> ok | N18: =D18-(O18+R18+U18+X18+AA18+AD18+AG18+AJ18+AM18+AP18+AS18+AV18+AY18+BB18+BE18+BH18+BK18+BN18+BQ18+BT18) -> 0 | BW18: =D18-E18 -> 0
A19: 45998 | B19: 0 | C19: 0 | D19: =C19-B19-G19-F19 -> 0 | E19: =IF(C19>0,$F$1,0) -> 0 | F19: 0 | H19: =IF(E19>D19,"-","+") -> + | I19: =IF(D19>E19,D19-E19,(IF(D19=E19,0,E19-D19))) -> 0 | J19: =N19+O19+R19+U19+X19+AA19+AD19+AG19+AJ19+AM19+AP19+AS19+AV19+AY19+BB19+BE19+BH19+BK19+BN19+BQ19+BT19 -> 0 | K19: =IF(D19=J19,"ok","check") -> ok | N19: =D19-(O19+R19+U19+X19+AA19+AD19+AG19+AJ19+AM19+AP19+AS19+AV19+AY19+BB19+BE19+BH19+BK19+BN19+BQ19+BT19) -> 0 | BW19: =D19-E19 -> 0
A20: 45999 | B20: 0 | C20: 0 | D20: =C20-B20-G20-F20 -> 0 | E20: =IF(C20>0,$F$1,0) -> 0 | F20: 0 | H20: =IF(E20>D20,"-","+") -> + | I20: =IF(D20>E20,D20-E20,(IF(D20=E20,0,E20-D20))) -> 0 | J20: =N20+O20+R20+U20+X20+AA20+AD20+AG20+AJ20+AM20+AP20+AS20+AV20+AY20+BB20+BE20+BH20+BK20+BN20+BQ20+BT20 -> 0 | K20: =IF(D20=J20,"ok","check") -> ok | N20: =D20-(O20+R20+U20+X20+AA20+AD20+AG20+AJ20+AM20+AP20+AS20+AV20+AY20+BB20+BE20+BH20+BK20+BN20+BQ20+BT20) -> 0 | BW20: =D20-E20 -> 0
A21: 46000 | B21: 0 | C21: 0 | D21: =C21-B21-G21-F21 -> 0 | E21: =IF(C21>0,$F$1,0) -> 0 | F21: 0 | H21: =IF(E21>D21,"-","+") -> + | I21: =IF(D21>E21,D21-E21,(IF(D21=E21,0,E21-D21))) -> 0 | J21: =N21+O21+R21+U21+X21+AA21+AD21+AG21+AJ21+AM21+AP21+AS21+AV21+AY21+BB21+BE21+BH21+BK21+BN21+BQ21+BT21 -> 0 | K21: =IF(D21=J21,"ok","check") -> ok | N21: =D21-(O21+R21+U21+X21+AA21+AD21+AG21+AJ21+AM21+AP21+AS21+AV21+AY21+BB21+BE21+BH21+BK21+BN21+BQ21+BT21) -> 0 | BW21: =D21-E21 -> 0
A22: 46001 | B22: 0 | C22: 0 | D22: =C22-B22-G22-F22 -> 0 | E22: =IF(C22>0,$F$1,0) -> 0 | F22: 0 | H22: =IF(E22>D22,"-","+") -> + | I22: =IF(D22>E22,D22-E22,(IF(D22=E22,0,E22-D22))) -> 0 | J22: =N22+O22+R22+U22+X22+AA22+AD22+AG22+AJ22+AM22+AP22+AS22+AV22+AY22+BB22+BE22+BH22+BK22+BN22+BQ22+BT22 -> 0 | K22: =IF(D22=J22,"ok","check") -> ok | N22: =D22-(O22+R22+U22+X22+AA22+AD22+AG22+AJ22+AM22+AP22+AS22+AV22+AY22+BB22+BE22+BH22+BK22+BN22+BQ22+BT22) -> 0 | BW22: =D22-E22 -> 0
A23: 46002 | B23: 0 | C23: 0 | D23: =C23-B23-G23-F23 -> 0 | E23: =IF(C23>0,$F$1,0) -> 0 | F23: 0 | H23: =IF(E23>D23,"-","+") -> + | I23: =IF(D23>E23,D23-E23,(IF(D23=E23,0,E23-D23))) -> 0 | J23: =N23+O23+R23+U23+X23+AA23+AD23+AG23+AJ23+AM23+AP23+AS23+AV23+AY23+BB23+BE23+BH23+BK23+BN23+BQ23+BT23 -> 0 | K23: =IF(D23=J23,"ok","check") -> ok | N23: =D23-(O23+R23+U23+X23+AA23+AD23+AG23+AJ23+AM23+AP23+AS23+AV23+AY23+BB23+BE23+BH23+BK23+BN23+BQ23+BT23) -> 0 | BW23: =D23-E23 -> 0
A24: 46003 | B24: 0 | C24: 0 | D24: =C24-B24-G24-F24 -> 0 | E24: =IF(C24>0,$F$1,0) -> 0 | F24: 0 | H24: =IF(E24>D24,"-","+") -> + | I24: =IF(D24>E24,D24-E24,(IF(D24=E24,0,E24-D24))) -> 0 | J24: =N24+O24+R24+U24+X24+AA24+AD24+AG24+AJ24+AM24+AP24+AS24+AV24+AY24+BB24+BE24+BH24+BK24+BN24+BQ24+BT24 -> 0 | K24: =IF(D24=J24,"ok","check") -> ok | N24: =D24-(O24+R24+U24+X24+AA24+AD24+AG24+AJ24+AM24+AP24+AS24+AV24+AY24+BB24+BE24+BH24+BK24+BN24+BQ24+BT24) -> 0 | BW24: =D24-E24 -> 0
... A35: 46014 | B35: 0 | C35: 0 | D35: =C35-B35-G35-F35 -> 0 | E35: =IF(C35>0,$F$1,0) -> 0 | F35: 0 | H35: =IF(E35>D35,"-","+") -> + | I35: =IF(D35>E35,D35-E35,(IF(D35=E35,0,E35-D35))) -> 0 | J35: =N35+O35+R35+U35+X35+AA35+AD35+AG35+AJ35+AM35+AP35+AS35+AV35+AY35+BB35+BE35+BH35+BK35+BN35+BQ35+BT35 -> 0 | K35: =IF(D35=J35,"ok","check") -> ok | N35: =D35-(O35+R35+U35+X35+AA35+AD35+AG35+AJ35+AM35+AP35+AS35+AV35+AY35+BB35+BE35+BH35+BK35+BN35+BQ35+BT35) -> 0 | BW35: =D35-E35 -> 0
A36: 46015 | B36: 0 | C36: 0 | D36: =C36-B36-G36-F36 -> 0 | E36: =IF(C36>0,$F$1,0) -> 0 | F36: 0 | H36: =IF(E36>D36,"-","+") -> + | I36: =IF(D36>E36,D36-E36,(IF(D36=E36,0,E36-D36))) -> 0 | J36: =N36+O36+R36+U36+X36+AA36+AD36+AG36+AJ36+AM36+AP36+AS36+AV36+AY36+BB36+BE36+BH36+BK36+BN36+BQ36+BT36 -> 0 | K36: =IF(D36=J36,"ok","check") -> ok | M36: n | N36: =D36-(O36+R36+U36+X36+AA36+AD36+AG36+AJ36+AM36+AP36+AS36+AV36+AY36+BB36+BE36+BH36+BK36+BN36+BQ36+BT36) -> 0 | BW36: =D36-E36 -> 0
A37: 46016 | B37: 0 | C37: 0 | D37: =C37-B37-G37-F37 -> 0 | E37: =IF(C37>0,$F$1,0) -> 0 | F37: 0 | H37: =IF(E37>D37,"-","+") -> + | I37: =IF(D37>E37,D37-E37,(IF(D37=E37,0,E37-D37))) -> 0 | J37: =N37+O37+R37+U37+X37+AA37+AD37+AG37+AJ37+AM37+AP37+AS37+AV37+AY37+BB37+BE37+BH37+BK37+BN37+BQ37+BT37 -> 0 | K37: =IF(D37=J37,"ok","check") -> ok | M37: n | N37: =D37-(O37+R37+U37+X37+AA37+AD37+AG37+AJ37+AM37+AP37+AS37+AV37+AY37+BB37+BE37+BH37+BK37+BN37+BQ37+BT37) -> 0 | BW37: =D37-E37 -> 0
A38: 46017 | B38: 0 | C38: 0 | D38: =C38-B38-G38-F38 -> 0 | E38: =IF(C38>0,$F$1,0) -> 0 | F38: 0 | H38: =IF(E38>D38,"-","+") -> + | I38: =IF(D38>E38,D38-E38,(IF(D38=E38,0,E38-D38))) -> 0 | J38: =N38+O38+R38+U38+X38+AA38+AD38+AG38+AJ38+AM38+AP38+AS38+AV38+AY38+BB38+BE38+BH38+BK38+BN38+BQ38+BT38 -> 0 | K38: =IF(D38=J38,"ok","check") -> ok | M38: n | N38: =D38-(O38+R38+U38+X38+AA38+AD38+AG38+AJ38+AM38+AP38+AS38+AV38+AY38+BB38+BE38+BH38+BK38+BN38+BQ38+BT38) -> 0 | BW38: =D38-E38 -> 0
A39: 46018 | B39: 0 | C39: 0 | D39: =C39-B39-G39-F39 -> 0 | E39: =IF(C39>0,$F$1,0) -> 0 | F39: 0 | H39: =IF(E39>D39,"-","+") -> + | I39: =IF(D39>E39,D39-E39,(IF(D39=E39,0,E39-D39))) -> 0 | J39: =N39+O39+R39+U39+X39+AA39+AD39+AG39+AJ39+AM39+AP39+AS39+AV39+AY39+BB39+BE39+BH39+BK39+BN39+BQ39+BT39 -> 0 | K39: =IF(D39=J39,"ok","check") -> ok | N39: =D39-(O39+R39+U39+X39+AA39+AD39+AG39+AJ39+AM39+AP39+AS39+AV39+AY39+BB39+BE39+BH39+BK39+BN39+BQ39+BT39) -> 0 | BW39: =D39-E39 -> 0
A40: 46019 | B40: 0 | C40: 0 | D40: =C40-B40-G40-F40 -> 0 | E40: =IF(C40>0,$F$1,0) -> 0 | F40: 0 | H40: =IF(E40>D40,"-","+") -> + | I40: =IF(D40>E40,D40-E40,(IF(D40=E40,0,E40-D40))) -> 0 | J40: =N40+O40+R40+U40+X40+AA40+AD40+AG40+AJ40+AM40+AP40+AS40+AV40+AY40+BB40+BE40+BH40+BK40+BN40+BQ40+BT40 -> 0 | K40: =IF(D40=J40,"ok","check") -> ok | N40: =D40-(O40+R40+U40+X40+AA40+AD40+AG40+AJ40+AM40+AP40+AS40+AV40+AY40+BB40+BE40+BH40+BK40+BN40+BQ40+BT40) -> 0 | BW40: =D40-E40 -> 0
A41: 46020 | B41: 0 | C41: 0 | D41: =C41-B41-G41-F41 -> 0 | E41: =IF(C41>0,$F$1,0) -> 0 | F41: 0 | H41: =IF(E41>D41,"-","+") -> + | I41: =IF(D41>E41,D41-E41,(IF(D41=E41,0,E41-D41))) -> 0 | J41: =N41+O41+R41+U41+X41+AA41+AD41+AG41+AJ41+AM41+AP41+AS41+AV41+AY41+BB41+BE41+BH41+BK41+BN41+BQ41+BT41 -> 0 | K41: =IF(D41=J41,"ok","check") -> ok | N41: =D41-(O41+R41+U41+X41+AA41+AD41+AG41+AJ41+AM41+AP41+AS41+AV41+AY41+BB41+BE41+BH41+BK41+BN41+BQ41+BT41) -> 0 | BW41: =D41-E41 -> 0
A42: 46021 | B42: 0 | C42: 0 | D42: =C42-B42-G42-F42 -> 0 | E42: =IF(C42>0,$F$1,0) -> 0 | F42: 0 | H42: =IF(E42>D42,"-","+") -> + | I42: =IF(D42>E42,D42-E42,(IF(D42=E42,0,E42-D42))) -> 0 | J42: =N42+O42+R42+U42+X42+AA42+AD42+AG42+AJ42+AM42+AP42+AS42+AV42+AY42+BB42+BE42+BH42+BK42+BN42+BQ42+BT42 -> 0 | K42: =IF(D42=J42,"ok","check") -> ok | N42: =D42-(O42+R42+U42+X42+AA42+AD42+AG42+AJ42+AM42+AP42+AS42+AV42+AY42+BB42+BE42+BH42+BK42+BN42+BQ42+BT42) -> 0 | BW42: =D42-E42 -> 0
A43: 46022 | B43: 0 | C43: 0 | D43: =C43-B43-G43-F43 -> 0 | E43: =IF(C43>0,$F$1,0) -> 0 | F43: 0 | H43: =IF(E43>D43,"-","+") -> + | I43: =IF(D43>E43,D43-E43,(IF(D43=E43,0,E43-D43))) -> 0 | J43: =N43+O43+R43+U43+X43+AA43+AD43+AG43+AJ43+AM43+AP43+AS43+AV43+AY43+BB43+BE43+BH43+BK43+BN43+BQ43+BT43 -> 0 | K43: =IF(D43=J43,"ok","check") -> ok | N43: =D43-(O43+R43+U43+X43+AA43+AD43+AG43+AJ43+AM43+AP43+AS43+AV43+AY43+BB43+BE43+BH43+BK43+BN43+BQ43+BT43) -> 0 | BW43: =D43-E43 -> 0
A44: Total Time | D44: =SUM(D13:D43) -> 0 | E44: =SUM(E13:E43) -> 0 | H44: =IF(E44>D44,"-","+") -> + | I44: =IF(D44>E44,D44-E44,(IF(D44=E44,0,E44-D44))) -> 0 | J44: =SUM(J13:J43) -> 0 | K44: =IF(D44=J44,"ok","check") -> ok | N44: =SUM(N13:N43) -> 0 | O44: =SUM(O13:O43) -> 0 | P44: =SUM(P13:P43) -> 0 | Q44: =SUM(Q13:Q43) -> 0 | R44: =SUM(R13:R43) -> 0 | S44: =SUM(S13:S43) -> 0 | T44: =SUM(T13:T43) -> 0 | U44: =SUM(U13:U43) -> 0 | ... BW44: =SUM(BW13:BW43) -> 0
A47: =A1 -> Name Surname | F47: =A13 -> 45992
A49: Project Number | B49: Project Name | D49: Project Time | H49: Hours
A50: =O11 -> Project Number 1 | B50: =O10 -> Project Name 1 | D50: =O44 -> 0 | H50: =D50*24 -> 0
A51: =R11 -> Project Number 2 | B51: =R10 -> Project Name 2 | D51: =R44 -> 0 | H51: =D51*24 -> 0
A52: =U11 -> Project Number 3 | B52: =U10 -> Project Name 3 | D52: =U44 -> 0 | H52: =D52*24 -> 0
A53: =X11 -> Project Number 4 | B53: =X10 -> Project Name 4 | D53: =X44 -> 0 | H53: =D53*24 -> 0
A54: =AA11 -> Project Number 5 | B54: =AA10 -> Project Name 5 | D54: =AA44 -> 0 | H54: =D54*24 -> 0
A55: =AD11 -> Project Number 6 | B55: =AD10 -> Project Name 6 | D55: =AD44 -> 0 | H55: =D55*24 -> 0
A56: =AG11 -> Project Number 7 | B56: =AG10 -> Project Name 7 | D56: =AG44 -> 0 | H56: =D56*24 -> 0
A57: =AJ11 -> Project Number 8 | B57: =AJ10 -> Project Name 8 | D57: =AJ44 -> 0 | H57: =D57*24 -> 0
A58: =AM11 -> Project Number 9 | B58: =AM10 -> Project Name 9 | D58: =AM44 -> 0 | H58: =D58*24 -> 0
A59: =AP11 -> Project Number 10 | B59: =AP10 -> Project Name 10 | D59: =AP44 -> 0 | H59: =D59*24 -> 0
A60: =AS11 -> Project Number 11 | B60: =AS10 -> Project Name 11 | D60: =AS44 -> 0 | H60: =D60*24 -> 0
A61: =AV11 -> Project Number 12 | B61: =AV10 -> Project Name 12 | D61: =AV44 -> 0 | H61: =D61*24 -> 0
A62: =AY11 -> Project Number 13 | B62: =AY10 -> Project Name 13 | D62: =AY44 -> 0 | H62: =D62*24 -> 0
A63: =BB11 -> Project Number 14 | B63: =BB10 -> Project Name 14 | D63: =BB44 -> 0 | H63: =D63*24 -> 0
A64: =BE11 -> Project Number 15 | B64: =BE10 -> Project Name 15 | D64: =BE44 -> 0 | H64: =D64*24 -> 0
A65: =BH11 -> Project Number 16 | B65: =BH10 -> Project Name 16 | D65: =BH44 -> 0 | H65: =D65*24 -> 0
A66: =BK11 -> Project Number 17 | B66: =BK10 -> Project Name 17 | D66: =BK44 -> 0 | H66: =D66*24 -> 0
A67: =BN11 -> Project Number 18 | B67: =BN10 -> Project Name 18 | D67: =BN44 -> 0 | H67: =D67*24 -> 0
A68: =BQ11 -> Project Number 19 | B68: =BQ10 -> Project Name 19 | D68: =BQ44 -> 0 | H68: =D68*24 -> 0
A69: =BT11 -> Project Number 20 | B69: =BT10 -> Project Name 20 | D69: =BT44 -> 0 | H69: =D69*24 -> 0
A70: general acitvity | B70: general acitvity | D70: =N44 -> 0 | H70: =D70*24 -> 0
A71: overall results | D71: =D44 -> 0 | H71: =SUM(H50:I70) -> 0
A74: Monthly Result | E74: =H4 -> - | F74: =IF(I4>=0,I4,"Negative") -> 0
A76: overtime of the previous month | E76: =H6 -> + | F76: =I6 -> -9.1666667
A77: comp time or accounting | E77: =H7 -> - | F77: =I7 -> 0
A78: overtime overall result | E78: =H8 -> + | F78: =I8 -> -10
A79: Current outstanding holidays | E79: =H9 -> + | F79: =I9 -> 25
A80: spent holidays this month | F80: =I10 -> 0
A82: =A47 -> Name Surname | B82: Signature: __________________________

Sheet Summary
A1: Overall Result | C1: =SUM(C3:C254) -> 0 | D1: =SUM(D3:D254) -> 0
A2: Project Number | B2: Project Name | C2: Project Time | D2: Hours | E2: Month | F2: Name | G2: Role | H2: Office Location
A3: =January!A50 -> Project Number 1 | B3: =January!B50 -> Project Name 1 | C3: =January!D50 -> 0 | D3: =January!H50 -> 0 | E3: 45292 | F3: =December!$A$1 -> Name Surname | G3: =December!$A$3 -> Role | H3: =December!$A$4 -> Vienna
A4: =January!A51 -> Project Number 2 | B4: =January!B51 -> Project Name 2 | C4: =January!D51 -> 0 | D4: =January!H51 -> 0 | E4: 45292 | F4: =December!$A$1 -> Name Surname | G4: =December!$A$3 -> Role | H4: =December!$A$4 -> Vienna
A5: =January!A52 -> Project Number 3 | B5: =January!B52 -> Project Name 3 | C5: =January!D52 -> 0 | D5: =January!H52 -> 0 | E5: 45292 | F5: =December!$A$1 -> Name Surname | G5: =December!$A$3 -> Role | H5: =December!$A$4 -> Vienna
A6: =January!A53 -> Project Number 4 | B6: =January!B53 -> Project Name 4 | C6: =January!D53 -> 0 | D6: =January!H53 -> 0 | E6: 45292 | F6: =December!$A$1 -> Name Surname | G6: =December!$A$3 -> Role | H6: =December!$A$4 -> Vienna
A7: =January!A54 -> Project Number 5 | B7: =January!B54 -> Project Name 5 | C7: =January!D54 -> 0 | D7: =January!H54 -> 0 | E7: 45292 | F7: =December!$A$1 -> Name Surname | G7: =December!$A$3 -> Role | H7: =December!$A$4 -> Vienna
A8: =January!A55 -> Project Number 6 | B8: =January!B55 -> Project Name 6 | C8: =January!D55 -> 0 | D8: =January!H55 -> 0 | E8: 45292 | F8: =December!$A$1 -> Name Surname | G8: =December!$A$3 -> Role | H8: =December!$A$4 -> Vienna
A9: =January!A56 -> Project Number 7 | B9: =January!B56 -> Project Name 7 | C9: =January!D56 -> 0 | D9: =January!H56 -> 0 | E9: 45292 | F9: =December!$A$1 -> Name Surname | G9: =December!$A$3 -> Role | H9: =December!$A$4 -> Vienna
A10: =January!A57 -> Project Number 8 | B10: =January!B57 -> Project Name 8 | C10: =January!D57 -> 0 | D10: =January!H57 -> 0 | E10: 45292 | F10: =December!$A$1 -> Name Surname | G10: =December!$A$3 -> Role | H10: =December!$A$4 -> Vienna
A11: =January!A58 -> Project Number 9 | B11: =January!B58 -> Project Name 9 | C11: =January!D58 -> 0 | D11: =January!H58 -> 0 | E11: 45292 | F11: =December!$A$1 -> Name Surname | G11: =December!$A$3 -> Role | H11: =December!$A$4 -> Vienna
A12: =January!A59 -> Project Number 10 | B12: =January!B59 -> Project Name 10 | C12: =January!D59 -> 0 | D12: =January!H59 -> 0 | E12: 45292 | F12: =December!$A$1 -> Name Surname | G12: =December!$A$3 -> Role | H12: =December!$A$4 -> Vienna
A13: =January!A60 -> Project Number 11 | B13: =January!B60 -> Project Name 11 | C13: =January!D60 -> 0 | D13: =January!H60 -> 0 | E13: 45292 | F13: =December!$A$1 -> Name Surname | G13: =December!$A$3 -> Role | H13: =December!$A$4 -> Vienna
A14: =January!A61 -> Project Number 12 | B14: =January!B61 -> Project Name 12 | C14: =January!D61 -> 0 | D14: =January!H61 -> 0 | E14: 45292 | F14: =December!$A$1 -> Name Surname | G14: =December!$A$3 -> Role | H14: =December!$A$4 -> Vienna
... A23: =January!A70 -> general acitvity | B23: =January!B70 -> general acitvity | C23: =January!D70 -> 0 | D23: =January!H70 -> 0 | E23: 45292 | F23: =December!$A$1 -> Name Surname | G23: =December!$A$3 -> Role | H23: =December!$A$4 -> Vienna
A24: =February!A46 -> Project Number 1 | B24: =February!B46 -> Project Name 1 | C24: =February!D46 -> 0 | D24: =February!H46 -> 0 | E24: 45323 | F24: =December!$A$1 -> Name Surname | G24: =December!$A$3 -> Role | H24: =December!$A$4 -> Vienna
A25: =February!A47 -> Project Number 2 | B25: =February!B47 -> Project Name 2 | C25: =February!D47 -> 0 | D25: =February!H47 -> 0 | E25: 45323 | F25: =December!$A$1 -> Name Surname | G25: =December!$A$3 -> Role | H25: =December!$A$4 -> Vienna
A26: =February!A48 -> Project Number 3 | B26: =February!B48 -> Project Name 3 | C26: =February!D48 -> 0 | D26: =February!H48 -> 0 | E26: 45323 | F26: =December!$A$1 -> Name Surname | G26: =December!$A$3 -> Role | H26: =December!$A$4 -> Vienna
A27: =February!A49 -> Project Number 4 | B27: =February!B49 -> Project Name 4 | C27: =February!D49 -> 0 | D27: =February!H49 -> 0 | E27: 45323 | F27: =December!$A$1 -> Name Surname | G27: =December!$A$3 -> Role | H27: =December!$A$4 -> Vienna
A28: =February!A50 -> Project Number 5 | B28: =February!B50 -> Project Name 5 | C28: =February!D50 -> 0 | D28: =February!H50 -> 0 | E28: 45323 | F28: =December!$A$1 -> Name Surname | G28: =December!$A$3 -> Role | H28: =December!$A$4 -> Vienna
A29: =February!A51 -> Project Number 6 | B29: =February!B51 -> Project Name 6 | C29: =February!D51 -> 0 | D29: =February!H51 -> 0 | E29: 45323 | F29: =December!$A$1 -> Name Surname | G29: =December!$A$3 -> Role | H29: =December!$A$4 -> Vienna
A30: =February!A52 -> Project Number 7 | B30: =February!B52 -> Project Name 7 | C30: =February!D52 -> 0 | D30: =February!H52 -> 0 | E30: 45323 | F30: =December!$A$1 -> Name Surname | G30: =December!$A$3 -> Role | H30: =December!$A$4 -> Vienna
A31: =February!A53 -> Project Number 8 | B31: =February!B53 -> Project Name 8 | C31: =February!D53 -> 0 | D31: =February!H53 -> 0 | E31: 45323 | F31: =December!$A$1 -> Name Surname | G31: =December!$A$3 -> Role | H31: =December!$A$4 -> Vienna
A32: =February!A54 -> Project Number 9 | B32: =February!B54 -> Project Name 9 | C32: =February!D54 -> 0 | D32: =February!H54 -> 0 | E32: 45323 | F32: =December!$A$1 -> Name Surname | G32: =December!$A$3 -> Role | H32: =December!$A$4 -> Vienna
A33: =February!A55 -> Project Number 10 | B33: =February!B55 -> Project Name 10 | C33: =February!D55 -> 0 | D33: =February!H55 -> 0 | E33: 45323 | F33: =December!$A$1 -> Name Surname | G33: =December!$A$3 -> Role | H33: =December!$A$4 -> Vienna
A34: =February!A56 -> Project Number 11 | B34: =February!B56 -> Project Name 11 | C34: =February!D56 -> 0 | D34: =February!H56 -> 0 | E34: 45323 | F34: =December!$A$1 -> Name Surname | G34: =December!$A$3 -> Role | H34: =December!$A$4 -> Vienna
A35: =February!A57 -> Project Number 12 | B35: =February!B57 -> Project Name 12 | C35: =February!D57 -> 0 | D35: =February!H57 -> 0 | E35: 45323 | F35: =December!$A$1 -> Name Surname | G35: =December!$A$3 -> Role | H35: =December!$A$4 -> Vienna
... A39: =February!A61 -> Project Number 16 | B39: =February!B61 -> Project Name 16 | C39: =February!D61 -> 0 | D39: =February!H61 -> 0 | E39: 45323 | F39: =December!$A$1 -> Name Surname | G39: =December!$A$3 -> Role | H39: =December!$A$4 -> Vienna
A40: =February!A62 -> Project Number 17 | B40: =February!B62 -> Project Name 17 | D40: =February!H62 -> 0 | E40: 45323 | F40: =December!$A$1 -> Name Surname | G40: =December!$A$3 -> Role | H40: =December!$A$4 -> Vienna
A41: =February!A63 -> Project Number 18 | B41: =February!B63 -> Project Name 18 | C41: =February!D63 -> 0 | D41: =February!H63 -> 0 | E41: 45323 | F41: =December!$A$1 -> Name Surname | G41: =December!$A$3 -> Role | H41: =December!$A$4 -> Vienna
A42: =February!A64 -> Project Number 19 | B42: =February!B64 -> Project Name 19 | C42: =February!D64 -> 0 | D42: =February!H64 -> 0 | E42: 45323 | F42: =December!$A$1 -> Name Surname | G42: =December!$A$3 -> Role | H42: =December!$A$4 -> Vienna
A43: =February!A65 -> Project Number 20 | B43: =February!B65 -> Project Name 20 | C43: =February!D65 -> 0 | D43: =February!H65 -> 0 | E43: 45323 | F43: =December!$A$1 -> Name Surname | G43: =December!$A$3 -> Role | H43: =December!$A$4 -> Vienna
A44: =February!A66 -> general acitvity | B44: =February!B66 -> general acitvity | C44: =February!D66 -> 0 | D44: =February!H66 -> 0 | E44: 45323 | F44: =December!$A$1 -> Name Surname | G44: =December!$A$3 -> Role | H44: =December!$A$4 -> Vienna
A45: =March!A50 -> Project Number 1 | B45: =March!B50 -> Project Name 1 | C45: =March!D50 -> 0 | D45: =March!H50 -> 0 | E45: 45352 | F45: =December!$A$1 -> Name Surname | G45: =December!$A$3 -> Role | H45: =December!$A$4 -> Vienna
A46: =March!A51 -> Project Number 2 | B46: =March!B51 -> Project Name 2 | C46: =March!D51 -> 0 | D46: =March!H51 -> 0 | E46: 45352 | F46: =December!$A$1 -> Name Surname | G46: =December!$A$3 -> Role | H46: =December!$A$4 -> Vienna
A47: =March!A52 -> Project Number 3 | B47: =March!B52 -> Project Name 3 | C47: =March!D52 -> 0 | D47: =March!H52 -> 0 | E47: 45352 | F47: =December!$A$1 -> Name Surname | G47: =December!$A$3 -> Role | H47: =December!$A$4 -> Vienna
A48: =March!A53 -> Project Number 4 | B48: =March!B53 -> Project Name 4 | C48: =March!D53 -> 0 | D48: =March!H53 -> 0 | E48: 45352 | F48: =December!$A$1 -> Name Surname | G48: =December!$A$3 -> Role | H48: =December!$A$4 -> Vienna
A49: =March!A54 -> Project Number 5 | B49: =March!B54 -> Project Name 5 | C49: =March!D54 -> 0 | D49: =March!H54 -> 0 | E49: 45352 | F49: =December!$A$1 -> Name Surname | G49: =December!$A$3 -> Role | H49: =December!$A$4 -> Vienna
A50: =March!A55 -> Project Number 6 | B50: =March!B55 -> Project Name 6 | C50: =March!D55 -> 0 | D50: =March!H55 -> 0 | E50: 45352 | F50: =December!$A$1 -> Name Surname | G50: =December!$A$3 -> Role | H50: =December!$A$4 -> Vienna
A51: =March!A56 -> Project Number 7 | B51: =March!B56 -> Project Name 7 | C51: =March!D56 -> 0 | D51: =March!H56 -> 0 | E51: 45352 | F51: =December!$A$1 -> Name Surname | G51: =December!$A$3 -> Role | H51: =December!$A$4 -> Vienna
A52: =March!A57 -> Project Number 8 | B52: =March!B57 -> Project Name 8 | C52: =March!D57 -> 0 | D52: =March!H57 -> 0 | E52: 45352 | F52: =December!$A$1 -> Name Surname | G52: =December!$A$3 -> Role | H52: =December!$A$4 -> Vienna
A53: =March!A58 -> Project Number 9 | B53: =March!B58 -> Project Name 9 | C53: =March!D58 -> 0 | D53: =March!H58 -> 0 | E53: 45352 | F53: =December!$A$1 -> Name Surname | G53: =December!$A$3 -> Role | H53: =December!$A$4 -> Vienna
A54: =March!A59 -> Project Number 10 | B54: =March!B59 -> Project Name 10 | C54: =March!D59 -> 0 | D54: =March!H59 -> 0 | E54: 45352 | F54: =December!$A$1 -> Name Surname | G54: =December!$A$3 -> Role | H54: =December!$A$4 -> Vienna
A55: =March!A60 -> Project Number 11 | B55: =March!B60 -> Project Name 11 | C55: =March!D60 -> 0 | D55: =March!H60 -> 0 | E55: 45352 | F55: =December!$A$1 -> Name Surname | G55: =December!$A$3 -> Role | H55: =December!$A$4 -> Vienna
A56: =March!A61 -> Project Number 12 | B56: =March!B61 -> Project Name 12 | C56: =March!D61 -> 0 | D56: =March!H61 -> 0 | E56: 45352 | F56: =December!$A$1 -> Name Surname | G56: =December!$A$3 -> Role | H56: =December!$A$4 -> Vienna
... A65: =March!A70 -> general acitvity | B65: =March!B70 -> general acitvity | C65: =March!D70 -> 0 | D65: =March!H70 -> 0 | E65: 45352 | F65: =December!$A$1 -> Name Surname | G65: =December!$A$3 -> Role | H65: =December!$A$4 -> Vienna
A66: =April!A49 -> Project Number 1 | B66: =April!B49 -> Project Name 1 | C66: =April!D49 -> 0 | D66: =April!H49 -> 0 | E66: 45383 | F66: =December!$A$1 -> Name Surname | G66: =December!$A$3 -> Role | H66: =December!$A$4 -> Vienna
A67: =April!A50 -> Project Number 2 | B67: =April!B50 -> Project Name 2 | C67: =April!D50 -> 0 | D67: =April!H50 -> 0 | E67: 45383 | F67: =December!$A$1 -> Name Surname | G67: =December!$A$3 -> Role | H67: =December!$A$4 -> Vienna
A68: =April!A51 -> Project Number 3 | B68: =April!B51 -> Project Name 3 | C68: =April!D51 -> 0 | D68: =April!H51 -> 0 | E68: 45383 | F68: =December!$A$1 -> Name Surname | G68: =December!$A$3 -> Role | H68: =December!$A$4 -> Vienna
A69: =April!A52 -> Project Number 4 | B69: =April!B52 -> Project Name 4 | C69: =April!D52 -> 0 | D69: =April!H52 -> 0 | E69: 45383 | F69: =December!$A$1 -> Name Surname | G69: =December!$A$3 -> Role | H69: =December!$A$4 -> Vienna
A70: =April!A53 -> Project Number 5 | B70: =April!B53 -> Project Name 5 | C70: =April!D53 -> 0 | D70: =April!H53 -> 0 | E70: 45383 | F70: =December!$A$1 -> Name Surname | G70: =December!$A$3 -> Role | H70: =December!$A$4 -> Vienna
A71: =April!A54 -> Project Number 6 | B71: =April!B54 -> Project Name 6 | C71: =April!D54 -> 0 | D71: =April!H54 -> 0 | E71: 45383 | F71: =December!$A$1 -> Name Surname | G71: =December!$A$3 -> Role | H71: =December!$A$4 -> Vienna
A72: =April!A55 -> Project Number 7 | B72: =April!B55 -> Project Name 7 | C72: =April!D55 -> 0 | D72: =April!H55 -> 0 | E72: 45383 | F72: =December!$A$1 -> Name Surname | G72: =December!$A$3 -> Role | H72: =December!$A$4 -> Vienna
A73: =April!A56 -> Project Number 8 | B73: =April!B56 -> Project Name 8 | C73: =April!D56 -> 0 | D73: =April!H56 -> 0 | E73: 45383 | F73: =December!$A$1 -> Name Surname | G73: =December!$A$3 -> Role | H73: =December!$A$4 -> Vienna
A74: =April!A57 -> Project Number 9 | B74: =April!B57 -> Project Name 9 | C74: =April!D57 -> 0 | D74: =April!H57 -> 0 | E74: 45383 | F74: =December!$A$1 -> Name Surname | G74: =December!$A$3 -> Role | H74: =December!$A$4 -> Vienna
A75: =April!A58 -> Project Number 10 | B75: =April!B58 -> Project Name 10 | C75: =April!D58 -> 0 | D75: =April!H58 -> 0 | E75: 45383 | F75: =December!$A$1 -> Name Surname | G75: =December!$A$3 -> Role | H75: =December!$A$4 -> Vienna
A76: =April!A59 -> Project Number 11 | B76: =April!B59 -> Project Name 11 | C76: =April!D59 -> 0 | D76: =April!H59 -> 0 | E76: 45383 | F76: =December!$A$1 -> Name Surname | G76: =December!$A$3 -> Role | H76: =December!$A$4 -> Vienna
A77: =April!A60 -> Project Number 12 | B77: =April!B60 -> Project Name 12 | C77: =April!D60 -> 0 | D77: =April!H60 -> 0 | E77: 45383 | F77: =December!$A$1 -> Name Surname | G77: =December!$A$3 -> Role | H77: =December!$A$4 -> Vienna
... A86: =April!A69 -> general acitvity | B86: =April!B69 -> general acitvity | C86: =April!D69 -> 0 | D86: =April!H69 -> 0 | E86: 45383 | F86: =December!$A$1 -> Name Surname | G86: =December!$A$3 -> Role | H86: =December!$A$4 -> Vienna
A87: =May!A50 -> Project Number 1 | B87: =May!B50 -> Project Name 1 | C87: =May!D50 -> 0 | D87: =May!H50 -> 0 | E87: 45413 | F87: =December!$A$1 -> Name Surname | G87: =December!$A$3 -> Role | H87: =December!$A$4 -> Vienna
A88: =May!A51 -> Project Number 2 | B88: =May!B51 -> Project Name 2 | C88: =May!D51 -> 0 | D88: =May!H51 -> 0 | E88: 45413 | F88: =December!$A$1 -> Name Surname | G88: =December!$A$3 -> Role | H88: =December!$A$4 -> Vienna
A89: =May!A52 -> Project Number 3 | B89: =May!B52 -> Project Name 3 | C89: =May!D52 -> 0 | D89: =May!H52 -> 0 | E89: 45413 | F89: =December!$A$1 -> Name Surname | G89: =December!$A$3 -> Role | H89: =December!$A$4 -> Vienna
A90: =May!A53 -> Project Number 4 | B90: =May!B53 -> Project Name 4 | C90: =May!D53 -> 0 | D90: =May!H53 -> 0 | E90: 45413 | F90: =December!$A$1 -> Name Surname | G90: =December!$A$3 -> Role | H90: =December!$A$4 -> Vienna
A91: =May!A54 -> Project Number 5 | B91: =May!B54 -> Project Name 5 | C91: =May!D54 -> 0 | D91: =May!H54 -> 0 | E91: 45413 | F91: =December!$A$1 -> Name Surname | G91: =December!$A$3 -> Role | H91: =December!$A$4 -> Vienna
A92: =May!A55 -> Project Number 6 | B92: =May!B55 -> Project Name 6 | C92: =May!D55 -> 0 | D92: =May!H55 -> 0 | E92: 45413 | F92: =December!$A$1 -> Name Surname | G92: =December!$A$3 -> Role | H92: =December!$A$4 -> Vienna
A93: =May!A56 -> Project Number 7 | B93: =May!B56 -> Project Name 7 | C93: =May!D56 -> 0 | D93: =May!H56 -> 0 | E93: 45413 | F93: =December!$A$1 -> Name Surname | G93: =December!$A$3 -> Role | H93: =December!$A$4 -> Vienna
A94: =May!A57 -> Project Number 8 | B94: =May!B57 -> Project Name 8 | C94: =May!D57 -> 0 | D94: =May!H57 -> 0 | E94: 45413 | F94: =December!$A$1 -> Name Surname | G94: =December!$A$3 -> Role | H94: =December!$A$4 -> Vienna
A95: =May!A58 -> Project Number 9 | B95: =May!B58 -> Project Name 9 | C95: =May!D58 -> 0 | D95: =May!H58 -> 0 | E95: 45413 | F95: =December!$A$1 -> Name Surname | G95: =December!$A$3 -> Role | H95: =December!$A$4 -> Vienna
A96: =May!A59 -> Project Number 10 | B96: =May!B59 -> Project Name 10 | C96: =May!D59 -> 0 | D96: =May!H59 -> 0 | E96: 45413 | F96: =December!$A$1 -> Name Surname | G96: =December!$A$3 -> Role | H96: =December!$A$4 -> Vienna
A97: =May!A60 -> Project Number 11 | B97: =May!B60 -> Project Name 11 | C97: =May!D60 -> 0 | D97: =May!H60 -> 0 | E97: 45413 | F97: =December!$A$1 -> Name Surname | G97: =December!$A$3 -> Role | H97: =December!$A$4 -> Vienna
A98: =May!A61 -> Project Number 12 | B98: =May!B61 -> Project Name 12 | C98: =May!D61 -> 0 | D98: =May!H61 -> 0 | E98: 45413 | F98: =December!$A$1 -> Name Surname | G98: =December!$A$3 -> Role | H98: =December!$A$4 -> Vienna
... A107: =May!A70 -> general acitvity | B107: =May!B70 -> general acitvity | C107: =May!D70 -> 0 | D107: =May!H70 -> 0 | E107: 45413 | F107: =December!$A$1 -> Name Surname | G107: =December!$A$3 -> Role | H107: =December!$A$4 -> Vienna
A108: =June!A49 -> Project Number 1 | B108: =June!B49 -> Project Name 1 | C108: =June!D49 -> 0 | D108: =June!H49 -> 0 | E108: 45444 | F108: =December!$A$1 -> Name Surname | G108: =December!$A$3 -> Role | H108: =December!$A$4 -> Vienna
A109: =June!A50 -> Project Number 2 | B109: =June!B50 -> Project Name 2 | C109: =June!D50 -> 0 | D109: =June!H50 -> 0 | E109: 45444 | F109: =December!$A$1 -> Name Surname | G109: =December!$A$3 -> Role | H109: =December!$A$4 -> Vienna
A110: =June!A51 -> Project Number 3 | B110: =June!B51 -> Project Name 3 | C110: =June!D51 -> 0 | D110: =June!H51 -> 0 | E110: 45444 | F110: =December!$A$1 -> Name Surname | G110: =December!$A$3 -> Role | H110: =December!$A$4 -> Vienna
A111: =June!A52 -> Project Number 4 | B111: =June!B52 -> Project Name 4 | C111: =June!D52 -> 0 | D111: =June!H52 -> 0 | E111: 45444 | F111: =December!$A$1 -> Name Surname | G111: =December!$A$3 -> Role | H111: =December!$A$4 -> Vienna
A112: =June!A53 -> Project Number 5 | B112: =June!B53 -> Project Name 5 | C112: =June!D53 -> 0 | D112: =June!H53 -> 0 | E112: 45444 | F112: =December!$A$1 -> Name Surname | G112: =December!$A$3 -> Role | H112: =December!$A$4 -> Vienna
A113: =June!A54 -> Project Number 6 | B113: =June!B54 -> Project Name 6 | C113: =June!D54 -> 0 | D113: =June!H54 -> 0 | E113: 45444 | F113: =December!$A$1 -> Name Surname | G113: =December!$A$3 -> Role | H113: =December!$A$4 -> Vienna
A114: =June!A55 -> Project Number 7 | B114: =June!B55 -> Project Name 7 | C114: =June!D55 -> 0 | D114: =June!H55 -> 0 | E114: 45444 | F114: =December!$A$1 -> Name Surname | G114: =December!$A$3 -> Role | H114: =December!$A$4 -> Vienna
A115: =June!A56 -> Project Number 8 | B115: =June!B56 -> Project Name 8 | C115: =June!D56 -> 0 | D115: =June!H56 -> 0 | E115: 45444 | F115: =December!$A$1 -> Name Surname | G115: =December!$A$3 -> Role | H115: =December!$A$4 -> Vienna
A116: =June!A57 -> Project Number 9 | B116: =June!B57 -> Project Name 9 | C116: =June!D57 -> 0 | D116: =June!H57 -> 0 | E116: 45444 | F116: =December!$A$1 -> Name Surname | G116: =December!$A$3 -> Role | H116: =December!$A$4 -> Vienna
A117: =June!A58 -> Project Number 10 | B117: =June!B58 -> Project Name 10 | C117: =June!D58 -> 0 | D117: =June!H58 -> 0 | E117: 45444 | F117: =December!$A$1 -> Name Surname | G117: =December!$A$3 -> Role | H117: =December!$A$4 -> Vienna
A118: =June!A59 -> Project Number 11 | B118: =June!B59 -> Project Name 11 | C118: =June!D59 -> 0 | D118: =June!H59 -> 0 | E118: 45444 | F118: =December!$A$1 -> Name Surname | G118: =December!$A$3 -> Role | H118: =December!$A$4 -> Vienna
A119: =June!A60 -> Project Number 12 | B119: =June!B60 -> Project Name 12 | C119: =June!D60 -> 0 | D119: =June!H60 -> 0 | E119: 45444 | F119: =December!$A$1 -> Name Surname | G119: =December!$A$3 -> Role | H119: =December!$A$4 -> Vienna
... A128: =June!A69 -> general acitvity | B128: =June!B69 -> general acitvity | C128: =June!D69 -> 0 | D128: =June!H69 -> 0 | E128: 45444 | F128: =December!$A$1 -> Name Surname | G128: =December!$A$3 -> Role | H128: =December!$A$4 -> Vienna
A129: =July!A50 -> Project Number 1 | B129: =July!B50 -> Project Name 1 | C129: =July!D50 -> 0 | D129: =July!H50 -> 0 | E129: 45474 | F129: =December!$A$1 -> Name Surname | G129: =December!$A$3 -> Role | H129: =December!$A$4 -> Vienna
A130: =July!A51 -> Project Number 2 | B130: =July!B51 -> Project Name 2 | C130: =July!D51 -> 0 | D130: =July!H51 -> 0 | E130: 45474 | F130: =December!$A$1 -> Name Surname | G130: =December!$A$3 -> Role | H130: =December!$A$4 -> Vienna
A131: =July!A52 -> Project Number 3 | B131: =July!B52 -> Project Name 3 | C131: =July!D52 -> 0 | D131: =July!H52 -> 0 | E131: 45474 | F131: =December!$A$1 -> Name Surname | G131: =December!$A$3 -> Role | H131: =December!$A$4 -> Vienna
A132: =July!A53 -> Project Number 4 | B132: =July!B53 -> Project Name 4 | C132: =July!D53 -> 0 | D132: =July!H53 -> 0 | E132: 45474 | F132: =December!$A$1 -> Name Surname | G132: =December!$A$3 -> Role | H132: =December!$A$4 -> Vienna
A133: =July!A54 -> Project Number 5 | B133: =July!B54 -> Project Name 5 | C133: =July!D54 -> 0 | D133: =July!H54 -> 0 | E133: 45474 | F133: =December!$A$1 -> Name Surname | G133: =December!$A$3 -> Role | H133: =December!$A$4 -> Vienna
A134: =July!A55 -> Project Number 6 | B134: =July!B55 -> Project Name 6 | C134: =July!D55 -> 0 | D134: =July!H55 -> 0 | E134: 45474 | F134: =December!$A$1 -> Name Surname | G134: =December!$A$3 -> Role | H134: =December!$A$4 -> Vienna
A135: =July!A56 -> Project Number 7 | B135: =July!B56 -> Project Name 7 | C135: =July!D56 -> 0 | D135: =July!H56 -> 0 | E135: 45474 | F135: =December!$A$1 -> Name Surname | G135: =December!$A$3 -> Role | H135: =December!$A$4 -> Vienna
A136: =July!A57 -> Project Number 8 | B136: =July!B57 -> Project Name 8 | C136: =July!D57 -> 0 | D136: =July!H57 -> 0 | E136: 45474 | F136: =December!$A$1 -> Name Surname | G136: =December!$A$3 -> Role | H136: =December!$A$4 -> Vienna
A137: =July!A58 -> Project Number 9 | B137: =July!B58 -> Project Name 9 | C137: =July!D58 -> 0 | D137: =July!H58 -> 0 | E137: 45474 | F137: =December!$A$1 -> Name Surname | G137: =December!$A$3 -> Role | H137: =December!$A$4 -> Vienna
A138: =July!A59 -> Project Number 10 | B138: =July!B59 -> Project Name 10 | C138: =July!D59 -> 0 | D138: =July!H59 -> 0 | E138: 45474 | F138: =December!$A$1 -> Name Surname | G138: =December!$A$3 -> Role | H138: =December!$A$4 -> Vienna
A139: =July!A60 -> Project Number 11 | B139: =July!B60 -> Project Name 11 | C139: =July!D60 -> 0 | D139: =July!H60 -> 0 | E139: 45474 | F139: =December!$A$1 -> Name Surname | G139: =December!$A$3 -> Role | H139: =December!$A$4 -> Vienna
A140: =July!A61 -> Project Number 12 | B140: =July!B61 -> Project Name 12 | C140: =July!D61 -> 0 | D140: =July!H61 -> 0 | E140: 45474 | F140: =December!$A$1 -> Name Surname | G140: =December!$A$3 -> Role | H140: =December!$A$4 -> Vienna
... A149: =July!A70 -> general acitvity | B149: =July!B70 -> general acitvity | C149: =July!D70 -> 0 | D149: =July!H70 -> 0 | E149: 45474 | F149: =December!$A$1 -> Name Surname | G149: =December!$A$3 -> Role | H149: =December!$A$4 -> Vienna
A150: =August!A50 -> Project Number 1 | B150: =August!B50 -> Project Name 1 | C150: =August!D50 -> 0 | D150: =August!H50 -> 0 | E150: 45505 | F150: =December!$A$1 -> Name Surname | G150: =December!$A$3 -> Role | H150: =December!$A$4 -> Vienna
A151: =August!A51 -> Project Number 2 | B151: =August!B51 -> Project Name 2 | C151: =August!D51 -> 0 | D151: =August!H51 -> 0 | E151: 45505 | F151: =December!$A$1 -> Name Surname | G151: =December!$A$3 -> Role | H151: =December!$A$4 -> Vienna
...

Sheet Database
A1: Date | B1: Employee Name | C1: Employee Role | D1: Office Location | E1: Project Name | F1: Project ID | G1: Working Hours | H1: Working Hours Converted | I1: Status | J1: Interviews | K1: Database | L1: Database Converted
A2: =January!A$13 -> 45658 | B2: =December!$A$1 -> Name Surname | C2: =December!$A$3 -> Role | D2: =December!$A$4 -> Vienna | E2: =January!$N$10 -> General Activity | F2: =January!$N$11 -> General Activity Name Surname | G2: =January!$N$13 -> 0 | H2: =CONVERT(G2, "day", "hr") -> 0
A3: =January!A$14 -> 45659 | B3: =December!$A$1 -> Name Surname | C3: =December!$A$3 -> Role | D3: =December!$A$4 -> Vienna | E3: =January!$N$10 -> General Activity | F3: =January!$N$11 -> General Activity Name Surname | G3: =January!$N$14 -> 0 | H3: =CONVERT(G3, "day", "hr") -> 0
A4: =January!A$15 -> 45660 | B4: =December!$A$1 -> Name Surname | C4: =December!$A$3 -> Role | D4: =December!$A$4 -> Vienna | E4: =January!$N$10 -> General Activity | F4: =January!$N$11 -> General Activity Name Surname | G4: =January!$N$15 -> 0 | H4: =CONVERT(G4, "day", "hr") -> 0
A5: =January!$A$16 -> 45661 | B5: =December!$A$1 -> Name Surname | C5: =December!$A$3 -> Role | D5: =December!$A$4 -> Vienna | E5: =January!$N$10 -> General Activity | F5: =January!$N$11 -> General Activity Name Surname | G5: =January!$N$16 -> 0 | H5: =CONVERT(G5, "day", "hr") -> 0
A6: =January!$A$17 -> 45662 | B6: =December!$A$1 -> Name Surname | C6: =December!$A$3 -> Role | D6: =December!$A$4 -> Vienna | E6: =January!$N$10 -> General Activity | F6: =January!$N$11 -> General Activity Name Surname | G6: =January!$N$17 -> 0 | H6: =CONVERT(G6, "day", "hr") -> 0
A7: =January!$A$18 -> 45663 | B7: =December!$A$1 -> Name Surname | C7: =December!$A$3 -> Role | D7: =December!$A$4 -> Vienna | E7: =January!$N$10 -> General Activity | F7: =January!$N$11 -> General Activity Name Surname | G7: =January!$N$18 -> 0 | H7: =CONVERT(G7, "day", "hr") -> 0
A8: =January!$A$19 -> 45664 | B8: =December!$A$1 -> Name Surname | C8: =December!$A$3 -> Role | D8: =December!$A$4 -> Vienna | E8: =January!$N$10 -> General Activity | F8: =January!$N$11 -> General Activity Name Surname | G8: =January!$N$19 -> 0 | H8: =CONVERT(G8, "day", "hr") -> 0
A9: =January!$A$20 -> 45665 | B9: =December!$A$1 -> Name Surname | C9: =December!$A$3 -> Role | D9: =December!$A$4 -> Vienna | E9: =January!$N$10 -> General Activity | F9: =January!$N$11 -> General Activity Name Surname | G9: =January!$N$20 -> 0 | H9: =CONVERT(G9, "day", "hr") -> 0
A10: =January!$A$21 -> 45666 | B10: =December!$A$1 -> Name Surname | C10: =December!$A$3 -> Role | D10: =December!$A$4 -> Vienna | E10: =January!$N$10 -> General Activity | F10: =January!$N$11 -> General Activity Name Surname | G10: =January!$N$21 -> 0 | H10: =CONVERT(G10, "day", "hr") -> 0
A11: =January!$A$22 -> 45667 | B11: =December!$A$1 -> Name Surname | C11: =December!$A$3 -> Role | D11: =December!$A$4 -> Vienna | E11: =January!$N$10 -> General Activity | F11: =January!$N$11 -> General Activity Name Surname | G11: =January!$N$22 -> 0 | H11: =CONVERT(G11, "day", "hr") -> 0
A12: =January!$A$23 -> 45668 | B12: =December!$A$1 -> Name Surname | C12: =December!$A$3 -> Role | D12: =December!$A$4 -> Vienna | E12: =January!$N$10 -> General Activity | F12: =January!$N$11 -> General Activity Name Surname | G12: =January!$N$23 -> 0 | H12: =CONVERT(G12, "day", "hr") -> 0
A13: =January!$A$24 -> 45669 | B13: =December!$A$1 -> Name Surname | C13: =December!$A$3 -> Role | D13: =December!$A$4 -> Vienna | E13: =January!$N$10 -> General Activity | F13: =January!$N$11 -> General Activity Name Surname | G13: =January!$N$24 -> 0 | H13: =CONVERT(G13, "day", "hr") -> 0
A14: =January!$A$25 -> 45670 | B14: =December!$A$1 -> Name Surname | C14: =December!$A$3 -> Role | D14: =December!$A$4 -> Vienna | E14: =January!$N$10 -> General Activity | F14: =January!$N$11 -> General Activity Name Surname | G14: =January!$N$25 -> 0 | H14: =CONVERT(G14, "day", "hr") -> 0
A15: =January!$A$26 -> 45671 | B15: =December!$A$1 -> Name Surname | C15: =December!$A$3 -> Role | D15: =December!$A$4 -> Vienna | E15: =January!$N$10 -> General Activity | F15: =January!$N$11 -> General Activity Name Surname | G15: =January!$N$26 -> 0 | H15: =CONVERT(G15, "day", "hr") -> 0
A16: =January!$A$27 -> 45672 | B16: =December!$A$1 -> Name Surname | C16: =December!$A$3 -> Role | D16: =December!$A$4 -> Vienna | E16: =January!$N$10 -> General Activity | F16: =January!$N$11 -> General Activity Name Surname | G16: =January!$N$27 -> 0 | H16: =CONVERT(G16, "day", "hr") -> 0
A17: =January!$A$28 -> 45673 | B17: =December!$A$1 -> Name Surname | C17: =December!$A$3 -> Role | D17: =December!$A$4 -> Vienna | E17: =January!$N$10 -> General Activity | F17: =January!$N$11 -> General Activity Name Surname | G17: =January!$N$28 -> 0 | H17: =CONVERT(G17, "day", "hr") -> 0
A18: =January!$A$29 -> 45674 | B18: =December!$A$1 -> Name Surname | C18: =December!$A$3 -> Role | D18: =December!$A$4 -> Vienna | E18: =January!$N$10 -> General Activity | F18: =January!$N$11 -> General Activity Name Surname | G18: =January!$N$29 -> 0 | H18: =CONVERT(G18, "day", "hr") -> 0
A19: =January!$A$30 -> 45675 | B19: =December!$A$1 -> Name Surname | C19: =December!$A$3 -> Role | D19: =December!$A$4 -> Vienna | E19: =January!$N$10 -> General Activity | F19: =January!$N$11 -> General Activity Name Surname | G19: =January!$N$30 -> 0 | H19: =CONVERT(G19, "day", "hr") -> 0
A20: =January!$A$31 -> 45676 | B20: =December!$A$1 -> Name Surname | C20: =December!$A$3 -> Role | D20: =December!$A$4 -> Vienna | E20: =January!$N$10 -> General Activity | F20: =January!$N$11 -> General Activity Name Surname | G20: =January!$N$31 -> 0 | H20: =CONVERT(G20, "day", "hr") -> 0
A21: =January!$A$32 -> 45677 | B21: =December!$A$1 -> Name Surname | C21: =December!$A$3 -> Role | D21: =December!$A$4 -> Vienna | E21: =January!$N$10 -> General Activity | F21: =January!$N$11 -> General Activity Name Surname | G21: =January!$N$32 -> 0 | H21: =CONVERT(G21, "day", "hr") -> 0
A22: =January!$A$33 -> 45678 | B22: =December!$A$1 -> Name Surname | C22: =December!$A$3 -> Role | D22: =December!$A$4 -> Vienna | E22: =January!$N$10 -> General Activity | F22: =January!$N$11 -> General Activity Name Surname | G22: =January!$N$33 -> 0 | H22: =CONVERT(G22, "day", "hr") -> 0
A23: =January!$A$34 -> 45679 | B23: =December!$A$1 -> Name Surname | C23: =December!$A$3 -> Role | D23: =December!$A$4 -> Vienna | E23: =January!$N$10 -> General Activity | F23: =January!$N$11 -> General Activity Name Surname | G23: =January!$N$34 -> 0 | H23: =CONVERT(G23, "day", "hr") -> 0
A24: =January!$A$35 -> 45680 | B24: =December!$A$1 -> Name Surname | C24: =December!$A$3 -> Role | D24: =December!$A$4 -> Vienna | E24: =January!$N$10 -> General Activity | F24: =January!$N$11 -> General Activity Name Surname | G24: =January!$N$35 -> 0 | H24: =CONVERT(G24, "day", "hr") -> 0
A25: =January!$A$36 -> 45681 | B25: =December!$A$1 -> Name Surname | C25: =December!$A$3 -> Role | D25: =December!$A$4 -> Vienna | E25: =January!$N$10 -> General Activity | F25: =January!$N$11 -> General Activity Name Surname | G25: =January!$N$36 -> 0 | H25: =CONVERT(G25, "day", "hr") -> 0
A26: =January!$A$37 -> 45682 | B26: =December!$A$1 -> Name Surname | C26: =December!$A$3 -> Role | D26: =December!$A$4 -> Vienna | E26: =January!$N$10 -> General Activity | F26: =January!$N$11 -> General Activity Name Surname | G26: =January!$N$37 -> 0 | H26: =CONVERT(G26, "day", "hr") -> 0
A27: =January!$A$38 -> 45683 | B27: =December!$A$1 -> Name Surname | C27: =December!$A$3 -> Role | D27: =December!$A$4 -> Vienna | E27: =January!$N$10 -> General Activity | F27: =January!$N$11 -> General Activity Name Surname | G27: =January!$N$38 -> 0 | H27: =CONVERT(G27, "day", "hr") -> 0
A28: =January!$A$39 -> 45684 | B28: =December!$A$1 -> Name Surname | C28: =December!$A$3 -> Role | D28: =December!$A$4 -> Vienna | E28: =January!$N$10 -> General Activity | F28: =January!$N$11 -> General Activity Name Surname | G28: =January!$N$39 -> 0 | H28: =CONVERT(G28, "day", "hr") -> 0
A29: =January!$A$40 -> 45685 | B29: =December!$A$1 -> Name Surname | C29: =December!$A$3 -> Role | D29: =December!$A$4 -> Vienna | E29: =January!$N$10 -> General Activity | F29: =January!$N$11 -> General Activity Name Surname | G29: =January!$N$40 -> 0 | H29: =CONVERT(G29, "day", "hr") -> 0
A30: =January!$A$41 -> 45686 | B30: =December!$A$1 -> Name Surname | C30: =December!$A$3 -> Role | D30: =December!$A$4 -> Vienna | E30: =January!$N$10 -> General Activity | F30: =January!$N$11 -> General Activity Name Surname | G30: =January!$N$41 -> 0 | H30: =CONVERT(G30, "day", "hr") -> 0
A31: =January!$A$42 -> 45687 | B31: =December!$A$1 -> Name Surname | C31: =December!$A$3 -> Role | D31: =December!$A$4 -> Vienna | E31: =January!$N$10 -> General Activity | F31: =January!$N$11 -> General Activity Name Surname | G31: =January!$N$42 -> 0 | H31: =CONVERT(G31, "day", "hr") -> 0
A32: =January!$A$43 -> 45688 | B32: =December!$A$1 -> Name Surname | C32: =December!$A$3 -> Role | D32: =December!$A$4 -> Vienna | E32: =January!$N$10 -> General Activity | F32: =January!$N$11 -> General Activity Name Surname | G32: =January!$N$43 -> 0 | H32: =CONVERT(G32, "day", "hr") -> 0
A33: =January!A$13 -> 45658 | B33: =December!$A$1 -> Name Surname | C33: =December!$A$3 -> Role | D33: =December!$A$4 -> Vienna | E33: =January!$O$10 -> Project Name 1 | F33: =January!$O$11 -> Project Number 1 | G33: =January!$O$13 -> 0 | H33: =CONVERT(G33, "day", "hr") -> 0 | J33: =January!$P$13 -> 0 | K33: =January!$Q$13 -> 0 | L33: =CONVERT(K33, "day", "hr") -> 0
A34: =January!$A$14 -> 45659 | B34: =December!$A$1 -> Name Surname | C34: =December!$A$3 -> Role | D34: =December!$A$4 -> Vienna | E34: =January!$O$10 -> Project Name 1 | F34: =January!$O$11 -> Project Number 1 | G34: =January!$O$14 -> 0 | H34: =CONVERT(G34, "day", "hr") -> 0 | J34: =January!$P$14 -> 0 | K34: =January!$Q$14 -> 0 | L34: =CONVERT(K34, "day", "hr") -> 0
A35: =January!$A$15 -> 45660 | B35: =December!$A$1 -> Name Surname | C35: =December!$A$3 -> Role | D35: =December!$A$4 -> Vienna | E35: =January!$O$10 -> Project Name 1 | F35: =January!$O$11 -> Project Number 1 | G35: =January!$O$15 -> 0 | H35: =CONVERT(G35, "day", "hr") -> 0 | J35: =January!$P$15 -> 0 | K35: =January!$Q$15 -> 0 | L35: =CONVERT(K35, "day", "hr") -> 0
A36: =January!$A$16 -> 45661 | B36: =December!$A$1 -> Name Surname | C36: =December!$A$3 -> Role | D36: =December!$A$4 -> Vienna | E36: =January!$O$10 -> Project Name 1 | F36: =January!$O$11 -> Project Number 1 | G36: =January!$O$16 -> 0 | H36: =CONVERT(G36, "day", "hr") -> 0 | J36: =January!$P$16 -> 0 | K36: =January!$Q$16 -> 0 | L36: =CONVERT(K36, "day", "hr") -> 0
A37: =January!$A$17 -> 45662 | B37: =December!$A$1 -> Name Surname | C37: =December!$A$3 -> Role | D37: =December!$A$4 -> Vienna | E37: =January!$O$10 -> Project Name 1 | F37: =January!$O$11 -> Project Number 1 | G37: =January!$O$17 -> 0 | H37: =CONVERT(G37, "day", "hr") -> 0 | J37: =January!$P$17 -> 0 | K37: =January!$Q$17 -> 0 | L37: =CONVERT(K37, "day", "hr") -> 0
A38: =January!$A$18 -> 45663 | B38: =December!$A$1 -> Name Surname | C38: =December!$A$3 -> Role | D38: =December!$A$4 -> Vienna | E38: =January!$O$10 -> Project Name 1 | F38: =January!$O$11 -> Project Number 1 | G38: =January!$O$18 -> 0 | H38: =CONVERT(G38, "day", "hr") -> 0 | J38: =January!$P$18 -> 0 | K38: =January!$Q$18 -> 0 | L38: =CONVERT(K38, "day", "hr") -> 0
A39: =January!$A$19 -> 45664 | B39: =December!$A$1 -> Name Surname | C39: =December!$A$3 -> Role | D39: =December!$A$4 -> Vienna | E39: =January!$O$10 -> Project Name 1 | F39: =January!$O$11 -> Project Number 1 | G39: =January!$O$19 -> 0 | H39: =CONVERT(G39, "day", "hr") -> 0 | J39: =January!$P$19 -> 0 | K39: =January!$Q$19 -> 0 | L39: =CONVERT(K39, "day", "hr") -> 0
A40: =January!$A$20 -> 45665 | B40: =December!$A$1 -> Name Surname | C40: =December!$A$3 -> Role | D40: =December!$A$4 -> Vienna | E40: =January!$O$10 -> Project Name 1 | F40: =January!$O$11 -> Project Number 1 | G40: =January!$O$20 -> 0 | H40: =CONVERT(G40, "day", "hr") -> 0 | J40: =January!$P$20 -> 0 | K40: =January!$Q$20 -> 0 | L40: =CONVERT(K40, "day", "hr") -> 0
A41: =January!$A$21 -> 45666 | B41: =December!$A$1 -> Name Surname | C41: =December!$A$3 -> Role | D41: =December!$A$4 -> Vienna | E41: =January!$O$10 -> Project Name 1 | F41: =January!$O$11 -> Project Number 1 | G41: =January!$O$21 -> 0 | H41: =CONVERT(G41, "day", "hr") -> 0 | J41: =January!$P$21 -> 0 | K41: =January!$Q$21 -> 0 | L41: =CONVERT(K41, "day", "hr") -> 0
A42: =January!$A$22 -> 45667 | B42: =December!$A$1 -> Name Surname | C42: =December!$A$3 -> Role | D42: =December!$A$4 -> Vienna | E42: =January!$O$10 -> Project Name 1 | F42: =January!$O$11 -> Project Number 1 | G42: =January!$O$22 -> 0 | H42: =CONVERT(G42, "day", "hr") -> 0 | J42: =January!$P$22 -> 0 | K42: =January!$Q$22 -> 0 | L42: =CONVERT(K42, "day", "hr") -> 0
A43: =January!$A$23 -> 45668 | B43: =December!$A$1 -> Name Surname | C43: =December!$A$3 -> Role | D43: =December!$A$4 -> Vienna | E43: =January!$O$10 -> Project Name 1 | F43: =January!$O$11 -> Project Number 1 | G43: =January!$O$23 -> 0 | H43: =CONVERT(G43, "day", "hr") -> 0 | J43: =January!$P$23 -> 0 | K43: =January!$Q$23 -> 0 | L43: =CONVERT(K43, "day", "hr") -> 0
A44: =January!$A$24 -> 45669 | B44: =December!$A$1 -> Name Surname | C44: =December!$A$3 -> Role | D44: =December!$A$4 -> Vienna | E44: =January!$O$10 -> Project Name 1 | F44: =January!$O$11 -> Project Number 1 | G44: =January!$O$24 -> 0 | H44: =CONVERT(G44, "day", "hr") -> 0 | J44: =January!$P$24 -> 0 | K44: =January!$Q$24 -> 0 | L44: =CONVERT(K44, "day", "hr") -> 0
A45: =January!$A$25 -> 45670 | B45: =December!$A$1 -> Name Surname | C45: =December!$A$3 -> Role | D45: =December!$A$4 -> Vienna | E45: =January!$O$10 -> Project Name 1 | F45: =January!$O$11 -> Project Number 1 | G45: =January!$O$25 -> 0 | H45: =CONVERT(G45, "day", "hr") -> 0 | J45: =January!$P$25 -> 0 | K45: =January!$Q$25 -> 0 | L45: =CONVERT(K45, "day", "hr") -> 0
A46: =January!$A$26 -> 45671 | B46: =December!$A$1 -> Name Surname | C46: =December!$A$3 -> Role | D46: =December!$A$4 -> Vienna | E46: =January!$O$10 -> Project Name 1 | F46: =January!$O$11 -> Project Number 1 | G46: =January!$O$26 -> 0 | H46: =CONVERT(G46, "day", "hr") -> 0 | J46: =January!$P$26 -> 0 | K46: =January!$Q$26 -> 0 | L46: =CONVERT(K46, "day", "hr") -> 0
A47: =January!$A$27 -> 45672 | B47: =December!$A$1 -> Name Surname | C47: =December!$A$3 -> Role | D47: =December!$A$4 -> Vienna | E47: =January!$O$10 -> Project Name 1 | F47: =January!$O$11 -> Project Number 1 | G47: =January!$O$27 -> 0 | H47: =CONVERT(G47, "day", "hr") -> 0 | J47: =January!$P$27 -> 0 | K47: =January!$Q$27 -> 0 | L47: =CONVERT(K47, "day", "hr") -> 0
A48: =January!$A$28 -> 45673 | B48: =December!$A$1 -> Name Surname | C48: =December!$A$3 -> Role | D48: =December!$A$4 -> Vienna | E48: =January!$O$10 -> Project Name 1 | F48: =January!$O$11 -> Project Number 1 | G48: =January!$O$28 -> 0 | H48: =CONVERT(G48, "day", "hr") -> 0 | J48: =January!$P$28 -> 0 | K48: =January!$Q$28 -> 0 | L48: =CONVERT(K48, "day", "hr") -> 0
